Name,Character Id,Level,Power,Stars,Red Stars,Gear Tier,Basic,Special,Ultimate,Passive,ISO Class,ISO Matrix,Striker,Fortifier,Healer,Raider,Skirmisher,ISO Health,ISO Damage,ISO Armor,ISO Focus,ISO Resist
FOCUS TAHITI,ShieldSupport_Heal,70,110751,7,10,13,6,6,,5,healer,,,,3,,,3,3,3,3,3
FOCUS TAHITI,SpiderMan,105,906214,7,9,20,7,7,7,5,raider,purple,13,13,13,13,13,3,3,3,3,3
FOCUS TAHITI,LukeCage,75,137248,7,7,14,6,6,6,5,healer,blue,,2,10,,,5,5,5,5,5
FOCUS TAHITI,Punisher,105,1482461,7,9,20,6,7,7,5,raider,purple,2,,,13,,3,3,3,3,3
FOCUS TAHITI,Elektra,100,921572,7,9,19,6,6,6,5,striker,purple,13,,,,3,3,3,3,3,3
FOCUS TAHITI,Crossbones,65,68859,6,6,12,6,6,6,4,healer,,,1,3,,,3,3,3,3,3
FOCUS TAHITI,ShieldDmg_AoE,40,12146,4,4,7,4,4,,2,striker,,1,,,,,1,1,1,1,1
FOCUS TAHITI,AmericaChavez,80,182777,7,7,15,6,7,6,4,striker,blue,10,,,,,5,5,5,5,5
FOCUS TAHITI,RavagerSupport_Heal,80,153620,7,7,15,6,6,,5,striker,blue,8,,,,,3,3,3,3,3
FOCUS TAHITI,Venom,98,703059,7,11,18,7,7,7,5,striker,purple,10,,,2,,,,,,
FOCUS TAHITI,RavagerTank_Taunt,80,151872,7,7,15,6,7,,4,skirmisher,blue,,,,,8,3,3,3,3,3
FOCUS TAHITI,MercTank_Debuff,80,135547,7,7,15,6,6,,4,fortifier,blue,,8,,,,3,3,3,3,3
FOCUS TAHITI,WinterSoldier,95,393199,7,10,16,6,6,7,4,striker,purple,10,,,,,,,,,
FOCUS TAHITI,Wolverine,105,1761672,7,10,20,6,7,6,5,striker,purple,13,13,13,13,13,3,3,3,3,3
FOCUS TAHITI,MsMarvel,110,1868992,7,9,19,7,6,7,5,skirmisher,purple,,1,2,,14,4,4,4,4,4
FOCUS TAHITI,Kingpin,80,195144,7,8,15,6,6,7,4,fortifier,blue,,10,,,,5,5,5,5,5
FOCUS TAHITI,HandDmg_Bonus,24,2997,3,3,5,2,2,,1,,,,,,,,,,,,
FOCUS TAHITI,MercDmg_Single,40,7351,3,3,5,4,4,,2,,,,,,,,,,,,
FOCUS TAHITI,Rhino,60,83963,7,8,11,6,6,6,4,fortifier,,,5,3,,,5,5,5,5,5
FOCUS TAHITI,ShieldSupport_Stealth,42,12227,3,3,8,4,4,,2,healer,,,,1,,,1,1,1,1,1
FOCUS TAHITI,JessicaJones,100,1172244,7,10,19,7,6,6,4,skirmisher,purple,,,3,,13,3,3,3,3,3
FOCUS TAHITI,ShieldTank_Stun,70,54121,4,4,13,6,6,,4,fortifier,,,2,,,,2,2,2,2,2
FOCUS TAHITI,Vulture,105,1343606,7,10,19,6,6,6,5,raider,purple,,,,13,,3,3,3,3,3
FOCUS TAHITI,Nebula,85,370309,7,12,15,7,7,7,5,striker,purple,10,,,,,,,,,
FOCUS TAHITI,Wasp,101,923792,7,9,19,6,6,7,4,raider,purple,12,12,12,13,12,3,3,3,3,3
FOCUS TAHITI,Mantis,65,121387,7,11,12,6,6,6,4,healer,,,,2,,,2,2,2,2,2
FOCUS TAHITI,HydraDmg_AoE,70,84801,7,7,13,6,6,,4,striker,,3,,,,,4,5,3,3,3
FOCUS TAHITI,IronFist,105,1386846,7,10,19,6,7,7,5,healer,purple,,,13,,,3,3,3,3,3
FOCUS TAHITI,HandDmg_Unbuff,24,1921,2,2,4,2,2,,1,,,,,,,,,,,,
FOCUS TAHITI,Drax,65,90680,7,9,12,6,6,6,4,fortifier,,,3,,,,3,3,3,3,3
FOCUS TAHITI,HandControl_HealBlock,38,17912,7,7,7,4,4,,2,,,,,,,,,,,,
FOCUS TAHITI,Cable,90,507762,7,11,17,6,6,6,4,striker,purple,12,,,,,2,2,2,2,2
FOCUS TAHITI,Bullseye,42,15926,4,4,8,4,4,4,2,,,,,,,,,,,,
FOCUS TAHITI,HydraDmg_Buff,58,37071,5,5,9,6,6,,4,raider,,,1,,3,,3,3,3,3,3
FOCUS TAHITI,Hulk,90,307776,7,8,17,7,7,7,5,healer,purple,,1,10,1,,,,,,
FOCUS TAHITI,Daredevil,101,1390292,7,10,19,6,7,7,4,raider,purple,,,,13,,3,3,3,3,3
FOCUS TAHITI,Gamora,85,358682,7,11,16,7,7,7,5,striker,purple,10,,1,8,1,,,,,
FOCUS TAHITI,Falcon,100,956723,7,9,19,7,7,7,5,raider,purple,2,,,13,,3,3,3,3,3
FOCUS TAHITI,MercDmg_General,43,25880,7,7,8,4,4,,2,skirmisher,,,,,,5,5,5,5,5,5
FOCUS TAHITI,ShieldDmg_Defense,36,10223,4,4,7,4,3,,2,raider,,,,,1,,1,1,1,1,1
FOCUS TAHITI,Quake,95,651014,7,9,18,6,6,6,4,raider,purple,12,12,12,13,12,3,3,3,3,3
FOCUS TAHITI,HandSupport_Heal,38,11954,4,4,7,4,4,,2,,,,,,,,,,,,
FOCUS TAHITI,Minerva,80,124133,6,6,15,6,6,6,5,healer,blue,,,7,,,2,2,2,2,2
FOCUS TAHITI,Groot,100,1054819,7,10,19,6,7,7,5,healer,purple,1,3,13,,1,3,3,3,3,3
FOCUS TAHITI,Shocker,105,1338881,7,10,19,6,7,6,5,raider,purple,13,13,13,13,13,3,3,3,3,3
FOCUS TAHITI,HydraSupport_Heal,60,52616,6,6,11,6,6,,4,healer,,,,2,,,2,2,2,2,2
FOCUS TAHITI,Sif,80,200597,7,9,15,6,6,6,5,fortifier,blue,,10,8,,,5,5,5,5,5
FOCUS TAHITI,HumanTorch,107,1811328,7,10,20,6,7,7,5,raider,purple,13,9,9,13,13,3,3,3,3,3
FOCUS TAHITI,Hawkeye,60,76908,7,8,11,6,6,6,4,skirmisher,,2,,,3,3,3,3,3,3,3
FOCUS TAHITI,AimDmg_Offense,42,12607,4,4,7,4,4,,2,striker,,1,,,,,1,1,1,1,1
FOCUS TAHITI,Thing,105,1190484,7,9,19,6,6,7,5,striker,purple,13,,,,,3,3,3,3,3
FOCUS TAHITI,HandTank_Stealth,36,9554,4,4,7,4,3,,2,,,,,,,,,,,,
FOCUS TAHITI,UltSpiderMan,110,2306143,7,10,19,7,7,7,5,striker,purple,14,,,3,,4,4,4,4,4
FOCUS TAHITI,KreeTank_Counter,48,37802,7,7,9,5,5,,3,fortifier,,,2,,,,2,2,2,2,2
FOCUS TAHITI,MrFantastic,100,743946,7,10,19,7,7,7,5,skirmisher,purple,,,,,13,3,3,3,3,3
FOCUS TAHITI,MBaku,70,107589,7,8,13,6,6,6,4,fortifier,,,5,,,,5,5,5,5,5
FOCUS TAHITI,Deadpool,110,2642851,7,11,20,6,7,6,5,raider,purple,13,13,13,13,13,3,3,3,3,3
FOCUS TAHITI,Mysterio,100,615511,7,9,19,6,6,6,4,striker,purple,13,13,13,13,13,3,3,3,3,3
FOCUS TAHITI,UltGreenGoblin,85,242867,7,9,16,6,6,6,5,raider,purple,1,,,10,,,,,,
FOCUS TAHITI,RavagerDmg_AoE,80,151686,7,7,15,6,7,,4,striker,blue,8,,,,,3,3,3,3,3
FOCUS TAHITI,Korath,27,4188,3,3,5,3,2,2,1,,,,,,,,,,,,
FOCUS TAHITI,HydraTank_Taunt,60,39972,4,4,11,6,6,,4,fortifier,,,3,,,,3,3,3,3,3
FOCUS TAHITI,Rescue,95,396656,7,7,18,7,6,7,5,skirmisher,purple,,1,9,,10,,,,,
FOCUS TAHITI,AimSupport_Heal,20,1093,2,2,4,1,1,,1,,,,,,,,,,,,
FOCUS TAHITI,Pyro,40,13852,4,4,7,4,4,4,2,raider,,,,,1,,1,1,1,1,1
FOCUS TAHITI,ScarletWitch,95,678211,7,9,18,7,7,7,5,skirmisher,purple,,1,4,,12,2,2,2,2,2
FOCUS TAHITI,Vision,95,693096,7,9,18,6,7,7,5,skirmisher,purple,,,,,13,3,3,3,3,3
FOCUS TAHITI,Ronan,48,39874,7,8,9,5,5,4,3,healer,,,,1,,,1,1,1,2,1
FOCUS TAHITI,HydraDmg_Single,59,36195,4,4,10,6,6,,4,skirmisher,,,1,,,3,3,3,3,3,3
FOCUS TAHITI,Juggernaut,100,981631,7,10,19,7,7,7,5,fortifier,purple,1,13,,,,3,3,3,3,3
FOCUS TAHITI,Cyclops,95,482623,7,9,18,6,7,7,5,striker,purple,13,,,,,3,3,3,3,3
FOCUS TAHITI,RocketRaccoon,100,1101594,7,10,19,7,7,7,5,striker,purple,13,,,,,3,3,3,3,3
FOCUS TAHITI,Mystique,49,40190,7,7,9,5,5,4,3,healer,,,,2,1,,3,2,2,2,2
FOCUS TAHITI,BaronMordo,100,1000922,7,10,19,6,6,7,4,skirmisher,purple,,,,3,13,3,3,3,3,3
FOCUS TAHITI,Yondu,65,92383,7,8,12,6,6,6,4,skirmisher,,,,,,5,5,5,5,5,5
FOCUS TAHITI,Killmonger,70,108315,7,8,13,6,6,6,4,raider,,2,,,5,1,5,5,5,5,5
FOCUS TAHITI,AntMan,95,659448,7,9,18,6,6,6,4,skirmisher,purple,12,12,12,12,13,3,3,3,3,3
FOCUS TAHITI,Okoye,80,229602,7,10,15,6,6,7,4,skirmisher,blue,,,,1,10,5,5,5,5,5
FOCUS TAHITI,NightNurse,80,129690,6,6,15,6,7,7,5,healer,blue,,,5,,,1,1,1,1,1
FOCUS TAHITI,KreeDmg_Offense,48,36622,7,7,9,5,5,,3,raider,,,,,2,,2,2,2,2,2
FOCUS TAHITI,MercSupport_Buffs,80,140048,7,7,15,6,6,,5,healer,blue,,,8,,,3,3,3,3,3
FOCUS TAHITI,Toad,42,19095,5,5,8,4,4,4,2,raider,,,,,1,,1,1,1,1,1
FOCUS TAHITI,Hela,100,1041699,7,9,19,7,7,7,5,raider,purple,1,,1,13,,3,3,3,3,3
FOCUS TAHITI,BlackWidow,75,274978,7,10,14,6,6,6,4,striker,blue,10,,2,,2,5,5,5,5,5
FOCUS TAHITI,CaptainAmerica,105,1014378,7,9,20,7,7,7,5,fortifier,purple,13,13,13,13,13,3,3,3,3,3
FOCUS TAHITI,IronMan,85,266698,7,9,16,6,7,6,5,raider,purple,4,,,10,,,,,,
FOCUS TAHITI,Colossus,75,109968,6,6,14,6,6,6,5,fortifier,,,4,,,,5,4,5,4,4
FOCUS TAHITI,KreeControl_Assist,48,36485,7,7,9,5,5,,3,raider,,,,,2,,2,2,2,2,2
FOCUS TAHITI,KreeDmg_Speed,48,36582,7,7,9,5,5,,3,striker,,2,,,,,2,2,2,2,2
FOCUS TAHITI,Thor,85,254355,7,9,16,6,6,7,5,striker,purple,10,,,,,,,,,
FOCUS TAHITI,KreeSupport_HoT,48,37019,7,7,9,5,5,,3,healer,,,,2,,,2,2,2,2,2
FOCUS TAHITI,Blob,40,12058,4,4,6,4,4,4,2,fortifier,,,1,,,,1,1,1,1,1
FOCUS TAHITI,AimControl_Infect,25,3313,3,3,5,3,2,,1,,,,,,,,,,,,
FOCUS TAHITI,WarMachine,100,954714,7,9,19,6,7,6,4,raider,purple,3,,,13,,3,3,3,3,3
FOCUS TAHITI,BlackPanther,85,264334,7,8,16,7,7,7,5,striker,purple,10,,,1,,,,,,
FOCUS TAHITI,CaptainMarvel,70,109784,7,7,13,6,6,6,4,striker,,5,,,,,5,5,5,5,5
FOCUS TAHITI,Thanos,110,2175813,7,10,19,7,7,7,5,raider,purple,4,2,5,13,,3,3,3,3,3
FOCUS TAHITI,Storm,100,1070269,7,10,19,7,7,7,5,raider,purple,,,,13,,3,3,3,3,3
FOCUS TAHITI,Loki,95,485940,7,9,18,7,7,7,5,skirmisher,purple,,1,2,,13,3,3,3,3,3
FOCUS TAHITI,Carnage,100,893209,7,11,19,7,7,7,5,striker,purple,13,,4,1,6,3,3,3,3,3
FOCUS TAHITI,Stryfe,55,62728,7,9,10,6,5,5,4,fortifier,,,3,,,,3,3,3,3,3
FOCUS TAHITI,AimDmg_Speed,42,14341,4,4,8,4,4,,2,striker,,1,,,,,1,1,1,1,1
FOCUS TAHITI,Sabretooth,75,147891,7,7,14,6,7,7,5,raider,blue,,,,8,,3,3,3,3,3
FOCUS TAHITI,Namor,100,687997,7,9,19,6,7,7,5,striker,purple,13,,,,,3,3,3,3,3
FOCUS TAHITI,ScientistSupreme,105,1305406,7,9,19,7,7,7,5,healer,purple,6,6,13,6,6,3,3,3,3,3
FOCUS TAHITI,GhostRider,75,167264,7,8,14,6,6,6,5,raider,blue,1,,,10,,5,5,5,5,5
FOCUS TAHITI,Heimdall,70,113507,7,8,13,6,6,6,5,raider,,,,,5,,5,5,5,5,5
FOCUS TAHITI,ProximaMidnight,80,170167,7,8,15,6,7,7,4,striker,,4,,,,,4,4,4,4,4
FOCUS TAHITI,SymbioteSpiderMan,85,340794,7,11,16,7,7,7,5,skirmisher,purple,1,1,5,7,10,,,,,
FOCUS TAHITI,Psylocke,92,358921,7,10,17,7,7,7,5,skirmisher,purple,,,,,10,,,,,
FOCUS TAHITI,AimTank_Taunt,48,17762,4,4,7,5,5,,3,fortifier,,,1,,,,1,1,1,1,1
FOCUS TAHITI,CorvusGlaive,70,119292,7,9,13,6,6,6,5,striker,,4,,,,,4,5,4,4,4
FOCUS TAHITI,ElsaBloodstone,105,1481992,7,10,19,7,7,7,5,raider,purple,,,,13,1,3,3,3,3,3
FOCUS TAHITI,Nobu,40,30188,7,9,7,4,4,4,2,healer,,,,5,,,5,5,5,5,5
FOCUS TAHITI,Shuri,85,238558,7,8,16,6,6,7,5,healer,purple,,,10,,,,,,,
FOCUS TAHITI,Karnak,60,76254,7,8,11,6,6,6,4,skirmisher,,,,,,2,2,2,2,2,2
FOCUS TAHITI,Taskmaster,105,1592363,7,11,19,6,6,7,5,skirmisher,purple,4,,,,13,3,3,3,3,3
FOCUS TAHITI,Graviton,44,16991,4,4,8,4,4,4,3,raider,,,,,1,,1,1,1,1,1
FOCUS TAHITI,CullObsidian,65,68372,5,5,12,6,6,6,4,healer,,,,5,,,5,5,5,5,5
FOCUS TAHITI,Crystal,55,59634,7,8,10,6,5,5,4,raider,,,,,2,,2,2,2,2,2
FOCUS TAHITI,YoYo,95,711873,7,9,18,7,6,6,5,raider,purple,12,12,12,13,12,3,3,3,3,3
FOCUS TAHITI,DoctorStrange,105,1330804,7,10,19,7,7,8,6,healer,purple,,,13,,,3,3,3,3,3
FOCUS TAHITI,Ironheart,100,1046842,7,10,19,6,7,7,5,raider,purple,,,5,13,,3,3,3,3,3
FOCUS TAHITI,Domino,95,657680,7,9,18,6,6,6,5,raider,purple,12,12,12,13,12,3,3,3,3,3
FOCUS TAHITI,MrSinister,80,169445,7,8,15,6,7,7,4,healer,blue,,,5,,,,,,,
FOCUS TAHITI,StarLord,85,470985,7,10,16,6,6,8,5,skirmisher,purple,,1,,,13,3,3,3,3,3
FOCUS TAHITI,Negasonic,95,610236,7,9,18,6,6,6,5,raider,purple,12,12,12,13,12,3,3,3,3,3
FOCUS TAHITI,RedSkull,60,58341,6,6,11,6,6,6,4,healer,,2,2,2,,,3,2,3,3,2
FOCUS TAHITI,InvisibleWoman,90,459526,7,9,17,6,6,6,4,healer,purple,,,12,,,2,2,2,2,2
FOCUS TAHITI,X23,70,105467,7,7,13,6,6,6,4,striker,,4,,,,,4,4,4,4,4
FOCUS TAHITI,NickFury,95,370057,7,9,17,6,6,7,5,healer,purple,,,10,,,,,,,
FOCUS TAHITI,Coulson,90,308431,7,9,17,6,7,6,4,striker,purple,10,,,2,,,,,,
FOCUS TAHITI,SquirrelGirl,110,2159281,7,10,19,7,7,7,5,healer,purple,,,13,,,3,3,3,3,3
FOCUS TAHITI,Magneto,95,361081,7,7,17,7,7,7,5,striker,purple,10,,,9,,,,,,
FOCUS TAHITI,Ultron,80,172229,7,5,15,7,7,7,5,striker,blue,10,,4,,,5,5,5,5,5
FOCUS TAHITI,Beast,100,917282,7,9,19,6,7,7,5,healer,purple,,,13,,,3,3,3,3,3
FOCUS TAHITI,BlackBolt,100,740031,7,9,19,7,7,7,5,striker,purple,13,,,1,,3,3,3,3,3
FOCUS TAHITI,Swarm,95,566981,7,7,18,6,6,6,4,striker,purple,13,12,12,12,12,3,3,3,3,3
FOCUS TAHITI,EmmaFrost,105,1334563,7,10,19,6,7,7,5,healer,purple,5,5,13,5,5,3,3,3,3,3
FOCUS TAHITI,EbonyMaw,80,187511,7,8,15,6,7,7,4,healer,blue,,1,8,,,3,3,3,3,3
FOCUS TAHITI,Zemo,80,164476,7,8,15,6,7,7,5,skirmisher,,4,,,4,4,4,4,4,4,4
FOCUS TAHITI,Electro,1,197,2,2,1,1,1,,,,,,,,,,,,,,
FOCUS TAHITI,Phoenix,100,1206585,7,10,19,7,7,7,5,striker,purple,13,1,1,,1,3,3,3,3,3
FOCUS TAHITI,Scream,80,283157,7,11,15,7,7,7,5,raider,blue,4,,1,10,1,5,5,5,5,5
FOCUS TAHITI,AntiVenom,85,244781,7,9,15,7,7,7,5,healer,purple,6,,10,,,,,,,
FOCUS TAHITI,SheHulk,110,1998366,7,10,19,6,7,7,5,skirmisher,purple,,,,,13,3,3,3,3,3
FOCUS TAHITI,Stature,60,72404,7,8,11,6,6,6,4,fortifier,,,3,,,,3,3,3,3,3
FOCUS TAHITI,Ghost,105,1359440,7,10,19,7,7,7,5,striker,purple,13,,,,,3,3,3,3,3
FOCUS TAHITI,Yellowjacket,95,559586,7,8,18,6,6,6,5,skirmisher,purple,12,12,12,12,12,2,2,2,2,2
FOCUS TAHITI,Shatterstar,80,169173,7,8,15,6,6,6,4,raider,blue,,,,8,,3,3,3,3,3
FOCUS TAHITI,Yelena,110,2297059,7,10,20,6,7,6,5,raider,purple,,,,14,,4,4,4,4,4
FOCUS TAHITI,RedGuardian,110,3401784,7,12,20,7,7,7,5,healer,purple,,,14,,,4,4,4,4,4
FOCUS TAHITI,KittyPryde,85,220659,7,8,15,7,6,6,5,skirmisher,purple,,,5,,10,,,,,
FOCUS TAHITI,Longshot,70,107561,7,8,13,6,6,6,4,raider,,,,,5,,5,5,5,5,5
FOCUS TAHITI,Iceman,85,197063,7,7,15,6,6,7,5,raider,purple,,,,10,,,,,,
FOCUS TAHITI,Bishop,85,253536,7,9,16,6,7,7,5,striker,purple,10,,,,,,,,,
FOCUS TAHITI,WhiteTiger,70,104383,7,7,13,6,6,7,5,striker,,4,,,,,4,4,4,4,4
FOCUS TAHITI,SilverSurfer,100,909556,7,8,19,7,7,7,5,striker,purple,13,,,,,3,3,3,3,3
FOCUS TAHITI,MoonKnight,100,908485,7,9,19,7,7,7,5,raider,purple,13,13,13,13,13,3,3,3,3,3
FOCUS TAHITI,DoctorOctopus,100,690792,7,8,19,7,7,7,5,healer,purple,,,13,,,3,3,3,3,3
FOCUS TAHITI,MultipleMan,70,106132,7,8,13,6,6,6,4,raider,,,,,4,,5,4,4,4,4
FOCUS TAHITI,Sybil,95,618416,7,11,18,7,7,7,5,striker,purple,10,,,,,,,,,
FOCUS TAHITI,Polaris,90,402918,7,9,17,6,6,6,4,raider,purple,,,,11,,1,1,1,1,1
FOCUS TAHITI,ColleenWing,80,233982,7,10,15,6,7,7,5,striker,blue,10,,,4,,5,5,5,5,5
FOCUS TAHITI,PhylaVell,80,225859,7,9,15,7,6,7,5,striker,blue,10,,,,,5,5,5,5,5
FOCUS TAHITI,MistyKnight,75,150600,7,8,14,6,6,6,5,skirmisher,blue,,,,2,10,5,5,5,5,5
FOCUS TAHITI,Jubilee,85,477111,7,10,16,7,7,7,5,striker,purple,10,,,,,,,1,,
FOCUS TAHITI,Moondragon,105,1288694,7,9,19,7,7,8,6,healer,purple,,,13,,,3,3,3,3,3
FOCUS TAHITI,SamWilson,100,1033129,7,9,19,7,7,7,5,skirmisher,purple,4,,,1,13,3,3,3,3,3
FOCUS TAHITI,SharonCarter,90,291202,7,8,16,7,7,7,5,striker,purple,10,2,,,,,,,,
FOCUS TAHITI,MariaHill,90,309373,7,9,16,7,7,7,5,healer,purple,4,,10,,,,,,,
FOCUS TAHITI,Deathpool,90,373732,7,9,17,7,7,7,5,striker,purple,11,,,7,,1,1,1,1,1
FOCUS TAHITI,ShangChi,90,282453,7,7,17,7,7,7,5,raider,purple,,,,10,,,,,,
FOCUS TAHITI,Ultimus,100,902735,7,10,19,7,7,7,5,striker,purple,11,,,,,1,1,1,1,1
FOCUS TAHITI,Doom,100,479381,7,4,19,7,7,7,5,striker,purple,10,,,,,,,,,
FOCUS TAHITI,AdamWarlock,95,774874,7,9,18,7,8,7,5,skirmisher,purple,7,,,,10,,,,,
FOCUS TAHITI,Cloak,85,256436,7,8,16,7,7,7,5,skirmisher,purple,,,,,10,,,,,
FOCUS TAHITI,Dagger,85,243976,7,7,16,7,7,7,5,striker,purple,10,,,,,,,,,
FOCUS TAHITI,SilverSamurai,80,174554,7,8,15,6,6,6,5,skirmisher,blue,,,,,8,3,3,3,3,3
FOCUS TAHITI,LadyDeathstrike,105,1505458,7,9,20,7,7,7,5,raider,purple,6,6,6,13,9,3,3,3,3,3
FOCUS TAHITI,Sersi,95,437887,7,8,18,7,7,7,5,skirmisher,purple,,,,,10,,,,,
FOCUS TAHITI,Ikaris,95,432334,7,8,18,7,7,7,5,striker,purple,10,,,,,,,,,
FOCUS TAHITI,Magik,105,1370830,7,10,19,6,7,7,5,raider,purple,,,,13,,3,3,3,3,3
FOCUS TAHITI,GhostSpider,100,722750,7,9,19,7,7,7,5,raider,purple,1,,,13,,3,3,3,3,3
FOCUS TAHITI,ScarletSpider,90,325645,7,9,16,7,7,7,5,raider,purple,,,,10,,,,,,
FOCUS TAHITI,SpiderPunk,90,274280,7,7,16,7,7,7,5,raider,purple,,,,10,,,,,,
FOCUS TAHITI,TChalla,85,230280,7,9,16,6,6,6,4,skirmisher,purple,,,8,,10,,,,,
FOCUS TAHITI,Echo,82,231342,7,9,15,6,7,7,5,striker,blue,10,,,,,5,5,5,5,5
FOCUS TAHITI,KateBishop,80,239007,7,10,15,6,7,7,5,striker,blue,10,,,,,5,5,5,5,5
FOCUS TAHITI,OmegaRed,110,2703241,7,10,20,7,7,7,5,striker,purple,14,,,10,,4,4,4,4,4
FOCUS TAHITI,DoctorVoodoo,85,225867,7,7,15,7,7,7,5,skirmisher,purple,,,,,10,,,,,
FOCUS TAHITI,Morbius,85,264932,7,9,15,7,7,7,5,striker,purple,10,,,,,,,,,
FOCUS TAHITI,StrangeSupreme,105,1841905,7,10,20,7,7,7,5,raider,purple,,,,13,,3,3,3,3,3
FOCUS TAHITI,MorganLeFay,92,296521,7,5,17,7,8,7,6,raider,purple,,,,10,,,,,,
FOCUS TAHITI,Wong,90,309219,7,8,17,7,7,7,5,striker,purple,10,,,,,,,,,
FOCUS TAHITI,MadelynePryor,105,1487067,7,10,20,7,7,7,5,striker,purple,13,,,,,3,3,3,3,3
FOCUS TAHITI,NicoMinoru,1,799,6,6,1,1,1,,,skirmisher,,,,,,5,5,5,5,5,5
FOCUS TAHITI,SpiderWoman,1,668,5,5,1,1,1,,,striker,,5,,,,1,5,5,5,5,5
FOCUS TAHITI,Fantomex,90,272474,7,8,17,6,7,6,5,raider,purple,,,,10,,,,,,
FOCUS TAHITI,Gambit,100,743272,7,9,19,7,7,7,5,striker,purple,13,,,10,,3,3,3,3,3
FOCUS TAHITI,Dazzler,90,292732,7,8,17,7,7,7,5,skirmisher,purple,,,,,10,,,,,
FOCUS TAHITI,Sunfire,100,707229,7,10,19,6,7,7,5,striker,purple,13,6,6,6,6,3,3,3,3,3
FOCUS TAHITI,JaneThor,75,158919,7,7,14,6,6,7,5,striker,blue,10,,,10,8,5,5,5,5,5
FOCUS TAHITI,Rogue,90,256039,7,4,17,8,7,7,6,striker,purple,10,,,,8,,,,,
FOCUS TAHITI,AgathaHarkness,95,676962,7,9,18,7,7,7,5,skirmisher,purple,,,,,13,3,3,3,3,3
FOCUS TAHITI,Valkyrie,75,157492,7,8,14,6,6,6,5,raider,blue,,,,10,8,5,5,5,5,5
FOCUS TAHITI,VivVision,88,273736,7,8,16,7,6,7,5,striker,purple,10,,,,,,,,,
FOCUS TAHITI,Deathlok,90,237558,6,6,16,7,7,7,5,raider,purple,,,,10,,,,,,
FOCUS TAHITI,Hulkbuster,85,240482,7,7,16,6,7,7,5,striker,purple,10,,,,,,,,,
FOCUS TAHITI,AmadeusCho,110,2260442,7,10,19,7,7,7,5,skirmisher,purple,10,,,,14,4,4,4,4,4
FOCUS TAHITI,RedHulk,90,279608,7,5,17,7,8,7,6,raider,purple,,,,10,,,,,,
FOCUS TAHITI,SpiderWeaver,95,524656,7,10,18,7,7,7,5,striker,purple,10,,,,,,,,,
FOCUS TAHITI,Abomination,90,307812,7,7,17,7,7,7,5,raider,purple,,,,10,,,,,,
FOCUS TAHITI,Dormammu,100,518471,7,4,19,7,7,7,5,striker,purple,10,,,,,,,,,
FOCUS TAHITI,SpiderMan2099,85,244074,7,8,16,6,6,7,5,raider,purple,,,,10,,,,,,
FOCUS TAHITI,SpiderManNoir,100,702594,7,9,19,7,7,7,5,raider,purple,,,,13,,3,3,3,3,3
FOCUS TAHITI,ZombieIronMan,100,1105840,7,10,19,7,7,7,5,skirmisher,purple,,,,,13,3,3,3,3,3
FOCUS TAHITI,Nakia,80,213464,7,9,15,6,6,6,5,striker,blue,10,,,,,5,5,5,5,5
FOCUS TAHITI,BlackPantherBC,80,218027,7,8,15,6,7,7,5,striker,blue,10,,,,,5,5,5,5,5
FOCUS TAHITI,Archangel,95,373947,7,5,18,7,7,8,6,striker,purple,10,,,,,,,,,
FOCUS TAHITI,Nemesis,95,423295,7,8,18,7,7,7,5,striker,purple,10,,,,,,,,,
FOCUS TAHITI,MrNegative,80,192296,7,7,15,6,6,6,4,striker,blue,10,,,,,5,5,5,5,5
FOCUS TAHITI,CaptainCarter,100,727770,7,9,19,7,7,7,5,healer,purple,5,5,13,5,5,3,3,3,3,3
FOCUS TAHITI,USAgent,95,560463,7,11,18,7,7,6,5,raider,purple,,,,10,,,,,,
FOCUS TAHITI,DarkBeast,95,413533,7,8,18,7,7,7,5,skirmisher,purple,,,,,10,,,,,
FOCUS TAHITI,AbsorbingMan,80,183901,7,8,15,6,6,6,5,raider,blue,,,,9,,4,4,4,4,4
FOCUS TAHITI,AgentVenom,95,408626,7,10,16,7,6,7,5,raider,purple,,,,10,,,,,,
FOCUS TAHITI,Titania,90,284690,7,8,16,7,7,6,5,raider,purple,,,,10,8,,,,,
FOCUS TAHITI,CaptainAmericaWW2,95,343974,7,7,17,6,7,7,5,raider,purple,,,,10,,,,,,
FOCUS TAHITI,UnionJack,95,438535,7,9,18,7,7,7,5,raider,purple,,,,10,,,,,,
FOCUS TAHITI,BuckyBarnes,95,350025,7,8,16,6,7,6,5,striker,purple,10,,,,,,,,,
FOCUS TAHITI,Quicksilver,95,335578,7,4,18,7,7,7,5,striker,blue,9,,,,,4,4,4,4,4
FOCUS TAHITI,Apocalypse,105,1288611,7,10,20,8,8,8,6,striker,purple,13,,,,,3,3,3,3,3
FOCUS TAHITI,Moonstone,80,200543,7,7,15,6,7,7,5,striker,blue,10,,,,8,5,5,5,5,5
FOCUS TAHITI,Nova,95,412647,7,5,18,8,8,7,6,striker,purple,10,,,,,,,,,
FOCUS TAHITI,Gwenpool,110,2664734,7,11,19,6,7,7,5,raider,purple,,,,13,,3,3,3,3,3
FOCUS TAHITI,Firestar,85,216018,7,7,16,6,6,6,5,skirmisher,purple,,,,,10,,,,,
FOCUS TAHITI,Cosmo,95,570277,7,11,18,6,7,7,5,skirmisher,purple,,,,,10,,,,,
FOCUS TAHITI,IronFistOrson,105,1552195,7,10,20,7,7,7,5,raider,purple,,,,13,,3,3,3,3,3
FOCUS TAHITI,StarLord_Annihilation,90,371390,7,11,17,6,6,6,4,skirmisher,purple,,,,,10,,,,,
FOCUS TAHITI,Vahl,100,709686,7,8,19,7,7,7,5,striker,purple,11,,,,,1,1,1,1,1
FOCUS TAHITI,Korg,95,389303,7,7,18,7,7,7,5,skirmisher,purple,,,,,10,,,,,
FOCUS TAHITI,Thor_InfinityWar,95,457986,7,9,18,7,7,7,5,striker,purple,10,,,,,,,,,
FOCUS TAHITI,LokiTeen,90,330843,7,8,17,7,7,7,5,striker,purple,10,,,,,,,,,
FOCUS TAHITI,KangTheConqueror,100,661641,7,8,19,7,7,7,5,striker,purple,11,,,,,1,1,1,1,1
FOCUS TAHITI,Sylvie,100,1284219,7,10,19,7,7,7,5,striker,purple,13,,,,10,3,3,3,3,3
FOCUS TAHITI,SpiderManBigTime,95,551194,7,3,18,6,6,6,4,striker,purple,13,12,12,12,12,3,3,3,3,3
FOCUS TAHITI,BetaRayBill,95,468124,7,9,18,7,7,7,5,raider,purple,,,,10,,,,,,
FOCUS TAHITI,KamalaKhan,95,460613,7,9,18,6,7,7,5,skirmisher,purple,,,,,10,,,,,
FOCUS TAHITI,GhostRiderRobbie,100,647168,7,8,19,7,7,7,5,raider,purple,,,,11,,1,1,1,1,1
FOCUS TAHITI,BlackCat,100,542486,7,5,19,6,7,6,6,striker,purple,11,,,,,1,1,1,1,1
FOCUS TAHITI,Ronin,95,400757,7,8,18,6,6,6,5,striker,purple,10,5,5,5,5,,,,,
FOCUS TAHITI,Mockingbird,95,400408,7,8,18,7,7,6,4,healer,purple,5,5,10,5,5,,,,,
FOCUS TAHITI,Photon,95,454117,7,8,18,7,7,7,5,striker,purple,10,,,,,,,,,
FOCUS TAHITI,IronManInfinityWar,97,526265,7,9,18,7,7,7,5,striker,purple,10,,,,,,,,,
FOCUS TAHITI,Tigra,95,395986,7,8,18,6,7,6,5,striker,purple,10,5,5,5,5,,,,,
FOCUS TAHITI,ZombieJuggernaut,100,1194667,7,10,19,7,7,7,5,striker,purple,13,,,,,3,3,3,3,3
FOCUS TAHITI,IronheartMCU,98,493279,7,8,18,7,7,7,5,skirmisher,purple,,,,,10,,,,,
FOCUS TAHITI,Darkhawk,95,423639,7,8,18,7,7,7,5,raider,purple,,,,10,,,,,,
FOCUS TAHITI,GreenGoblinGlider,100,582568,7,5,19,6,7,8,6,skirmisher,purple,,,,8,13,3,3,3,3,3
FOCUS TAHITI,KravenTheHunter,100,691574,7,9,19,6,7,7,5,raider,purple,,,,13,,3,3,3,3,3
FOCUS TAHITI,SpiderSlayer,100,698001,7,9,19,6,7,7,5,striker,purple,13,,,,,3,3,3,3,3
FOCUS TAHITI,Lizard,100,720536,7,9,19,6,7,7,5,striker,purple,13,5,5,5,5,3,3,3,3,3
FOCUS TAHITI,Nightcrawler,100,785866,7,9,19,7,7,7,5,raider,purple,,,,13,,3,3,3,3,3
FOCUS TAHITI,Forge,97,528598,7,8,18,7,7,7,5,striker,purple,13,,,,,3,3,3,3,3
FOCUS TAHITI,Sunspot,105,1480451,7,10,19,7,7,7,5,raider,purple,5,5,5,13,5,3,3,3,3,3
FOCUS TAHITI,SymbioteSilverSurfer,100,978131,7,11,19,7,7,7,5,raider,purple,,,,13,,3,3,3,3,3
FOCUS TAHITI,Gwenom,100,916298,7,11,19,7,7,7,5,striker,purple,13,,,,,3,3,3,3,3
FOCUS TAHITI,RedGoblin,100,766564,7,10,19,7,7,7,5,raider,purple,,,,13,,3,3,3,3,3
FOCUS TAHITI,BlackKnight,105,1181195,7,10,19,7,7,7,5,striker,purple,13,5,,,,3,3,3,3,3
FOCUS TAHITI,StarBrand,95,443322,7,9,18,6,6,6,5,raider,purple,5,5,5,11,5,1,1,1,1,1
FOCUS TAHITI,CosmicGhostRider,95,475462,7,9,18,6,6,6,5,striker,purple,11,,,10,,1,1,1,1,1
FOCUS TAHITI,IronPatriot,100,732965,7,9,19,7,7,7,5,raider,purple,9,5,5,13,5,3,3,3,3,3
FOCUS TAHITI,TheLeader,100,785004,7,9,19,7,7,7,5,striker,purple,13,5,5,5,5,3,3,3,3,3
FOCUS TAHITI,PeterBParker,100,788246,7,9,19,7,7,7,5,healer,purple,,,13,,,3,3,3,3,3
FOCUS TAHITI,SpiderManPavitr,100,748010,7,9,19,7,7,7,5,striker,purple,13,,,,,3,3,3,3,3
FOCUS TAHITI,PandaPool,95,537892,7,10,18,6,7,7,5,skirmisher,purple,,,,,12,2,2,2,2,2
FOCUS TAHITI,OldManLogan,105,859744,6,6,19,8,8,8,5,striker,purple,13,5,5,5,5,3,3,3,3,3
FOCUS TAHITI,PeniParker,100,840617,7,10,19,7,7,7,5,striker,purple,13,,,,,3,3,3,3,3
FOCUS TAHITI,Daken,105,1006375,7,9,20,6,7,7,5,raider,purple,13,13,13,13,13,3,3,3,3,3
FOCUS TAHITI,SuperSkrull,103,1062491,7,10,19,7,7,7,5,striker,purple,13,,,,,3,3,3,3,3
FOCUS TAHITI,Northstar,100,726112,7,9,19,7,7,7,5,raider,purple,6,6,6,13,6,3,3,3,3,3
FOCUS TAHITI,Guardian,100,790474,7,9,19,7,7,7,5,striker,purple,13,6,6,6,6,3,3,3,3,3
FOCUS TAHITI,Sasquatch,100,647991,7,8,19,7,7,7,5,skirmisher,purple,6,6,6,6,13,3,3,3,3,3
FOCUS TAHITI,BlackPantherShuri,100,741888,7,9,19,6,7,7,5,raider,purple,5,5,5,13,5,3,3,3,3,3
FOCUS TAHITI,HankPym,100,849087,7,10,19,7,7,7,5,striker,purple,13,5,5,5,5,3,3,3,3,3
FOCUS TAHITI,Gladiator,105,1550575,7,10,20,7,7,7,5,fortifier,purple,5,13,5,5,5,3,3,3,3,3
FOCUS TAHITI,Ares,105,1490510,7,9,20,8,8,7,6,striker,purple,13,,,,,3,3,3,3,3
FOCUS TAHITI,Gorr,100,1045966,7,10,19,7,7,7,5,raider,purple,,,,13,,3,3,3,3,3
FOCUS TAHITI,Sentinel,105,1352197,7,9,19,7,7,7,5,striker,purple,13,6,6,6,6,3,3,3,3,3
FOCUS TAHITI,Nimrod,105,1397356,7,9,19,7,7,7,5,raider,purple,6,6,6,13,6,3,3,3,3,3
FOCUS TAHITI,ThanosEndgame,105,1571421,7,10,20,7,7,7,5,striker,purple,13,5,5,5,5,3,3,3,3,3
FOCUS TAHITI,Blade,105,1635051,7,10,20,8,8,8,6,striker,purple,13,,,,,3,3,3,3,3
FOCUS TAHITI,ManThing,100,941442,7,9,19,7,7,7,5,fortifier,purple,,13,,,,3,3,3,3,3
FOCUS TAHITI,OmegaSentinel,105,1560620,7,10,20,7,7,7,5,skirmisher,purple,6,6,6,6,13,3,3,3,3,3
FOCUS TAHITI,Oath,105,1635407,7,10,20,7,7,7,5,raider,purple,,,,13,,3,3,3,3,3
FOCUS TAHITI,CaptainBritain,100,798827,7,10,19,8,8,8,6,striker,purple,13,,,,,3,3,3,3,3
FOCUS TAHITI,ShadowKing,105,1612182,7,10,20,8,8,7,5,striker,purple,13,5,5,5,5,3,3,3,3,3
FOCUS TAHITI,AncientOne,105,1567823,7,10,19,7,8,7,6,raider,purple,,,,13,,3,3,3,3,3
FOCUS TAHITI,EmmaFrostXMen,105,1535385,7,10,19,7,8,7,6,striker,purple,13,,,,,3,3,3,3,3
FOCUS TAHITI,MsMarvelClassic,101,1056109,7,9,19,6,7,7,5,striker,purple,13,,,,,3,3,3,3,3
FOCUS TAHITI,Kahhori,100,1130136,7,10,19,7,7,7,5,striker,purple,13,,,,,3,3,3,3,3
FOCUS TAHITI,Medusa,100,978084,7,9,19,6,7,7,5,raider,purple,,,,13,,3,3,3,3,3
FOCUS TAHITI,Mephisto,105,1691971,7,10,19,7,7,7,5,striker,purple,13,,,,,3,3,3,3,3
FOCUS TAHITI,JeanGrey,105,1603366,7,10,20,7,7,7,5,raider,purple,,,,13,,3,3,3,3,3
FOCUS TAHITI,OmegaRedPhoenix,100,849400,6,5,19,8,6,7,4,raider,purple,13,,,13,,3,3,3,3,3
FOCUS TAHITI,Hercules,100,1241912,7,10,19,7,7,7,5,raider,purple,13,,,13,,3,3,3,3,3
FOCUS TAHITI,PeggyCarter,105,1635548,7,10,20,7,7,7,5,striker,purple,13,,,,,3,3,3,3,3
FOCUS TAHITI,FalconJoaquin,105,1629315,7,10,20,7,7,7,5,striker,purple,13,,,,,3,3,3,3,3
FOCUS TAHITI,Patriot,105,1633113,7,10,20,7,7,7,5,raider,purple,,,,13,,3,3,3,3,3
FOCUS TAHITI,Lilandra,106,1764328,7,10,20,7,7,7,5,raider,purple,,,,13,,3,3,3,3,3
FOCUS TAHITI,Odin,105,1656339,7,7,20,7,7,7,5,striker,purple,13,,,13,,3,3,3,3,3
FOCUS TAHITI,ZombieScarletWitch,100,843225,7,5,19,7,7,7,5,raider,purple,,,,13,,3,3,3,3,3
FOCUS TAHITI,HowardTheDuck,105,1973337,7,11,20,7,7,7,5,raider,purple,,,,13,,3,3,3,3,3
FOCUS TAHITI,Havok,100,1411573,7,11,19,7,7,7,5,striker,purple,13,,,,,3,3,3,3,3
FOCUS TAHITI,DaredevilModern,105,1543872,7,9,20,7,7,7,5,striker,purple,13,,,,,3,3,3,3,3
FOCUS TAHITI,SilverSable,105,1587794,7,9,20,7,7,7,5,raider,purple,,,,13,,3,3,3,3,3
FOCUS TAHITI,HitMonkey,105,1703412,7,10,20,7,7,7,5,raider,purple,,,,13,,3,3,3,3,3
FOCUS TAHITI,Knull,105,2443469,7,12,20,7,7,7,5,raider,purple,5,5,5,13,5,3,3,3,3,3
FOCUS TAHITI,VictoriaHand,105,1373974,7,9,19,7,7,7,5,striker,purple,13,,,,,3,3,3,3,3
FOCUS TAHITI,Quasar,107,1737627,7,7,20,7,7,7,5,striker,purple,15,5,5,5,5,5,5,5,5,5
FOCUS TAHITI,Songbird,105,1648030,7,10,19,7,7,7,5,raider,purple,,,,13,,3,3,3,3,3
FOCUS TAHITI,Hyperion,105,1717761,7,11,19,6,6,7,5,striker,purple,13,,,,,3,3,3,3,3
FOCUS TAHITI,Hellverine,105,1654929,7,10,19,7,7,7,5,raider,purple,,,,13,,3,3,3,3,3
FOCUS TAHITI,TheHood,105,1642342,7,10,19,7,7,7,5,raider,purple,,,,13,,3,3,3,3,3
FOCUS TAHITI,Satana,105,1606648,7,10,19,7,7,7,5,striker,purple,13,,,,,3,3,3,3,3
FOCUS TAHITI,InvisibleWomanMCU,107,2312163,7,10,20,7,7,7,5,raider,purple,6,,,15,,5,5,5,5,5
FOCUS TAHITI,MrFantasticMCU,107,2103552,7,10,20,7,7,7,5,fortifier,purple,,15,,,,5,5,5,5,5
FOCUS TAHITI,FranklinRichards,107,2951786,7,12,20,7,7,7,5,striker,purple,15,,,,,5,5,5,5,5
FOCUS TAHITI,Blastaar,108,1853042,7,7,20,7,7,7,5,striker,purple,14,5,5,14,5,4,4,4,4,4
FOCUS TAHITI,RachelSummers,105,2237338,7,12,20,7,7,7,5,raider,purple,,,,13,,3,3,3,3,3
FOCUS TAHITI,Azazel,105,1627071,7,10,19,7,7,7,5,raider,purple,,,,13,,3,3,3,3,3
FOCUS TAHITI,SebastianShaw,105,1610913,7,10,19,7,7,7,5,striker,purple,13,,,,,3,3,3,3,3
FOCUS TAHITI,Scorpion,105,1552694,7,10,20,7,7,7,5,striker,purple,13,,,,,3,3,3,3,3
FOCUS TAHITI,Hobgoblin,105,1644952,7,10,20,7,7,7,5,raider,purple,,,,13,,3,3,3,3,3
FOCUS TAHITI,PhantomRider,105,1132100,6,6,19,8,7,7,6,striker,purple,13,,,,,3,3,3,3,3
FOCUS TAHITI,SuperiorSpiderMan,105,1699069,7,10,20,7,7,7,5,striker,purple,13,,,,,3,3,3,3,3
FOCUS TAHITI,LivingMummy,105,1677242,7,10,20,7,7,7,5,healer,purple,13,,13,,,3,3,3,3,3
FOCUS TAHITI,DaimonHellstrom,106,1858000,7,10,20,7,7,7,5,raider,purple,,,,13,,4,3,3,3,3
FOCUS TAHITI,Hellcat,106,1801282,7,10,20,7,7,7,5,striker,purple,13,,,,,3,3,3,3,3
FOCUS TAHITI,Xavier,110,2214526,7,6,20,7,7,7,5,raider,purple,,,,13,,3,3,3,3,3
FOCUS TAHITI,ZombieKestrel,105,929453,5,3,19,7,7,7,5,raider,purple,,,,13,,3,3,3,3,3
FOCUS TAHITI,LadyBullseye,105,1877315,7,11,19,6,7,7,5,raider,purple,,,,13,,3,3,3,3,3
FOCUS TAHITI,SwordMaster,106,1713012,7,10,20,7,7,7,5,striker,purple,13,,,,,3,3,3,3,3
FOCUS TAHITI,Thunderstrike,105,1566528,7,7,20,7,7,7,5,raider,purple,,,,13,,3,3,3,3,3
FOCUS TAHITI,SteelSerpent,105,1504441,7,10,19,7,7,7,5,skirmisher,purple,,,,,13,3,3,3,3,3
FOCUS TAHITI,Wolfsbane,105,1536982,7,8,20,7,7,7,5,raider,purple,5,,,13,,3,3,3,3,3
FOCUS TAHITI,Cannonball,105,1833562,7,10,20,7,7,7,5,raider,purple,,,,13,,3,3,3,3,3
FOCUS TAHITI,Warlock,106,1709401,7,10,19,6,7,7,5,raider,purple,,,,13,,3,3,3,3,3
FOCUS TAHITI,Darkstar,110,2099209,6,6,20,7,7,7,5,raider,purple,,,,14,,4,4,4,4,4
FOCUS TAHITI,MagnetoPhoenixForce,105,1015920,3,3,20,6,7,7,5,striker,purple,13,,,13,,3,3,3,3,3
FOCUS TAHITI,UrsaMajor,110,1813422,5,5,20,6,7,7,5,raider,purple,,,,14,,4,4,4,4,4
FOCUS TAHITI,Sentry,105,1513939,7,7,20,7,7,7,5,raider,purple,,,,13,,3,3,3,3,3
FOCUS TAHITI,MoonGirl,110,1648417,5,5,20,6,6,7,5,striker,purple,14,,,,,4,4,4,4,4
FOCUS TAHITI,NovaSamAlexander,110,1609620,4,4,20,7,7,7,5,raider,purple,,,,14,,4,4,4,4,4
FOCUS TAHITI,Eclipse,105,1657481,7,7,20,6,7,7,5,raider,purple,,,,13,,3,3,3,3,3
FOCUS TAHITI,JeffTheLandShark,110,1302004,4,,20,7,7,7,5,raider,purple,,,,14,,4,4,4,4,4
FOCUS TAHITI,NightThrasher,105,1414860,6,6,20,7,7,7,5,raider,purple,,,,13,,3,3,3,3,3
FOCUS TAHITI,Speedball,100,941938,6,6,19,7,7,7,5,striker,purple,13,,,1,,3,3,3,3,3
FOCUS TAHITI,Executioner,110,1112305,3,3,19,6,6,6,5,raider,purple,,,,13,,3,3,3,3,3
FOCUS TAHITI,HighEvolutionary,110,1147354,2,2,20,6,6,6,5,striker,purple,14,,,,,4,4,4,4,4
Sir Hill,ShieldSupport_Heal,65,98879,7,10,12,6,6,,4,healer,,,,5,,,5,5,5,5,5
Sir Hill,SpiderMan,105,1036466,7,11,20,7,6,6,4,raider,purple,13,13,13,13,13,3,3,3,3,3
Sir Hill,LukeCage,80,210954,7,9,15,7,7,7,5,fortifier,blue,,10,,,,5,5,5,5,5
Sir Hill,Punisher,106,1690617,7,10,20,7,7,7,5,striker,purple,13,,,,5,3,3,3,3,3
Sir Hill,Elektra,105,1323724,7,10,19,6,6,7,5,skirmisher,purple,2,,,,13,3,3,3,3,3
Sir Hill,ShieldDmg_AoE,48,29950,5,5,9,5,5,,3,raider,,,,,5,,5,5,5,5,5
Sir Hill,Bullseye,48,43995,7,8,9,5,5,4,3,skirmisher,,,,,,5,5,5,5,5,5
Sir Hill,Crossbones,48,47021,7,9,9,5,5,4,3,fortifier,,,5,,,,5,5,5,5,5
Sir Hill,HydraTank_Taunt,65,65114,6,6,12,6,6,,4,fortifier,,,5,,,,5,5,5,5,5
Sir Hill,Mystique,85,251024,7,8,16,7,7,7,5,striker,blue,10,,,,,5,5,5,5,5
Sir Hill,Wolverine,105,1837876,7,10,20,6,7,7,5,striker,purple,13,13,13,13,13,3,3,3,3,3
Sir Hill,HandDmg_Bonus,54,50613,7,7,10,5,5,,4,raider,,,,,5,,5,5,5,5,5
Sir Hill,ShieldSupport_Stealth,42,16982,4,4,8,4,4,,2,healer,,,,5,,,5,5,5,5,5
Sir Hill,Nebula,85,267451,7,10,16,6,6,7,5,striker,blue,10,,,,,5,5,5,5,5
Sir Hill,RavagerSupport_Heal,36,18917,7,7,7,4,3,,2,striker,,5,,,,,5,5,5,5,5
Sir Hill,Thing,105,1536948,7,11,19,7,6,7,5,striker,purple,13,5,,,,3,3,3,3,3
Sir Hill,HandControl_HealBlock,48,39949,7,7,9,5,5,,3,raider,,,,,5,,5,5,5,5,5
Sir Hill,JessicaJones,85,476830,7,10,16,7,7,7,5,skirmisher,blue,,,,5,10,5,5,5,5,5
Sir Hill,HydraDmg_Buff,65,77020,7,7,12,6,6,,4,skirmisher,,,,,,5,5,5,5,5,5
Sir Hill,HydraDmg_AoE,65,77660,7,7,12,6,6,,4,skirmisher,,,,,,5,5,5,5,5,5
Sir Hill,AmericaChavez,80,214500,7,9,15,6,7,6,5,striker,blue,10,,,,,5,5,5,5,5
Sir Hill,KreeTank_Counter,42,26234,7,7,8,4,4,,2,fortifier,,,5,,,,5,5,5,5,5
Sir Hill,HandSupport_Heal,54,36674,5,5,10,5,5,,4,healer,,,,5,,,5,5,5,5,5
Sir Hill,HandDmg_Unbuff,30,4516,2,2,6,3,3,,1,,,,,,,,,,,,
Sir Hill,Daredevil,80,424599,7,10,15,7,7,7,5,raider,blue,5,,,10,,5,5,5,5,5
Sir Hill,Rhino,70,121141,7,9,13,6,6,6,4,fortifier,,,5,,,,5,5,5,5,5
Sir Hill,Gamora,85,277535,7,9,16,7,7,7,5,striker,blue,10,,,7,,5,5,5,5,5
Sir Hill,IronFist,100,1104960,7,10,19,7,7,7,5,healer,purple,,,13,,,3,4,3,3,3
Sir Hill,Hulk,95,407135,7,8,18,7,7,6,5,striker,blue,10,5,9,,,5,5,5,5,5
Sir Hill,MercDmg_General,36,18894,7,7,7,4,3,,2,skirmisher,,,,,,5,5,5,5,5,5
Sir Hill,HandTank_Stealth,50,40585,7,7,9,5,5,,3,fortifier,,,5,,,,5,5,5,5,5
Sir Hill,RavagerTank_Taunt,36,13858,5,5,7,4,3,,2,skirmisher,,,,,,5,5,5,5,5,5
Sir Hill,RavagerDmg_AoE,36,16973,7,7,7,4,3,,2,striker,,2,,,,,2,2,2,2,2
Sir Hill,WarMachine,100,1058731,7,10,19,6,6,7,5,raider,purple,,,,13,5,3,3,3,3,3
Sir Hill,Rescue,100,640872,7,9,19,7,7,7,5,healer,blue,,,10,,,5,5,5,5,5
Sir Hill,HydraSupport_Heal,70,87586,7,7,13,6,6,,4,healer,,,,5,,,5,5,5,5,5
Sir Hill,MsMarvel,85,420273,7,10,16,6,6,6,5,skirmisher,purple,,,,,13,3,3,3,3,3
Sir Hill,Killmonger,60,88868,7,9,11,6,6,6,4,raider,,,,,5,,5,5,5,5,5
Sir Hill,MercTank_Debuff,80,148882,7,7,15,6,6,,4,fortifier,blue,,10,2,,,5,5,5,5,5
Sir Hill,Mantis,60,129532,7,12,11,6,6,6,4,healer,,,,5,,,5,5,5,5,5
Sir Hill,Shocker,106,1457777,7,10,19,6,7,7,5,striker,purple,13,,,5,,3,3,3,3,3
Sir Hill,Loki,100,509164,7,8,18,6,6,7,5,skirmisher,blue,,7,,,10,5,5,5,5,5
Sir Hill,Drax,60,112073,7,11,11,6,6,6,4,fortifier,,,5,,,,5,5,5,5,5
Sir Hill,Storm,105,1341182,7,10,19,6,7,7,5,raider,purple,5,,,13,,3,3,3,3,3
Sir Hill,CaptainAmerica,105,1014378,7,9,20,7,7,7,5,fortifier,purple,13,13,13,13,13,3,3,3,3,3
Sir Hill,Quake,100,1024542,7,10,19,6,6,6,5,raider,purple,12,12,12,13,12,3,3,3,3,3
Sir Hill,IronMan,100,653228,7,9,19,6,7,6,5,raider,purple,,,,13,5,3,3,3,3,3
Sir Hill,Hawkeye,70,113866,7,9,13,6,6,6,4,skirmisher,,,,,,5,5,5,5,5,5
Sir Hill,Groot,105,1405055,7,10,19,7,7,7,5,healer,purple,,5,13,,,3,3,3,3,3
Sir Hill,ShieldTank_Stun,70,75932,6,6,13,6,6,,4,fortifier,,,5,,,,5,5,5,5,5
Sir Hill,Pyro,55,61078,7,8,10,6,5,5,4,striker,,5,,,,,5,5,5,5,5
Sir Hill,RocketRaccoon,105,1389426,7,10,19,7,6,7,5,raider,purple,,,,13,5,3,3,3,3,3
Sir Hill,MBaku,65,94972,7,8,12,6,6,6,4,fortifier,,,5,,,,5,5,5,5,5
Sir Hill,UltGreenGoblin,70,107585,7,8,13,6,6,6,4,raider,,4,,,5,,5,5,5,5,5
Sir Hill,AntMan,75,255672,7,10,14,6,6,6,4,skirmisher,blue,,,,5,10,5,5,5,5,5
Sir Hill,Yondu,36,23598,7,9,7,4,3,3,2,skirmisher,,,,,,5,5,5,5,5,5
Sir Hill,ScarletWitch,100,1063561,7,10,19,7,7,7,5,healer,purple,,,13,,,3,3,3,3,3
Sir Hill,ShieldDmg_Defense,36,15608,7,7,7,4,3,,2,,,,,,,,,,,,
Sir Hill,Venom,100,653711,7,10,19,6,6,6,5,striker,purple,12,,,,,2,2,2,2,2
Sir Hill,BaronMordo,105,1313043,7,10,19,6,6,7,5,skirmisher,purple,,,,,13,3,3,3,3,3
Sir Hill,Vulture,106,1700165,7,10,20,6,7,7,5,raider,purple,,,,13,5,3,3,3,3,3
Sir Hill,KreeDmg_Offense,42,26406,7,7,8,4,4,,2,striker,,5,,,,,5,5,5,5,5
Sir Hill,KreeControl_Assist,42,26216,7,7,8,4,4,,2,skirmisher,,,,,,5,5,5,5,5,5
Sir Hill,AimSupport_Heal,36,13703,5,5,7,4,3,,2,healer,,,,5,,,5,5,5,5,5
Sir Hill,Sabretooth,80,196460,7,8,15,6,6,6,5,striker,blue,10,,,,,5,5,5,5,5
Sir Hill,NightNurse,48,46687,7,9,9,5,5,4,3,healer,,,,5,,,5,5,5,5,5
Sir Hill,WinterSoldier,95,550460,7,11,18,6,6,7,5,striker,blue,10,,,,5,5,5,5,5,5
Sir Hill,UltSpiderMan,65,148486,7,10,12,6,6,6,4,raider,,,,,5,,5,5,5,5,5
Sir Hill,HydraDmg_Single,65,58674,5,5,12,6,6,,4,striker,,5,,,,,5,5,5,5,5
Sir Hill,Falcon,100,1003752,7,10,19,6,7,7,5,raider,purple,,,,13,4,3,3,3,3,3
Sir Hill,HumanTorch,110,2224097,7,10,20,7,7,7,5,skirmisher,purple,13,,,,14,4,4,4,4,4
Sir Hill,Okoye,80,201700,7,9,15,6,6,6,4,skirmisher,blue,4,,,,10,5,5,5,5,5
Sir Hill,Cable,105,1143673,7,10,19,6,6,6,5,striker,purple,13,,,,4,3,3,3,3,3
Sir Hill,MercDmg_Single,36,12538,5,5,7,4,3,,2,skirmisher,,,,,,2,2,2,3,2,2
Sir Hill,AimTank_Taunt,18,1422,3,3,4,1,1,,1,fortifier,,,5,,,,5,5,5,5,5
Sir Hill,Ronan,65,100946,7,9,12,6,6,6,4,striker,,5,,,,,5,5,5,5,5
Sir Hill,ElsaBloodstone,105,1430751,7,10,19,7,6,7,5,raider,purple,5,,,13,,3,3,3,3,3
Sir Hill,Thor,80,199529,7,9,15,6,6,6,4,striker,blue,10,,,7,,5,5,5,5,5
Sir Hill,Korath,54,57906,7,8,10,5,5,5,4,skirmisher,,,,,,5,5,5,5,5,5
Sir Hill,Mysterio,100,629880,7,9,19,7,6,6,5,skirmisher,purple,,,3,,13,3,3,3,3,3
Sir Hill,Vision,100,948146,7,9,19,6,6,7,5,skirmisher,purple,,4,,7,13,3,3,3,3,3
Sir Hill,KreeSupport_HoT,70,88096,7,7,13,6,6,,4,healer,,,,5,,,5,5,5,5,5
Sir Hill,Coulson,85,230213,7,8,16,6,6,6,4,striker,blue,10,,4,,,5,5,5,5,5
Sir Hill,KreeDmg_Speed,36,15591,7,7,7,4,3,,2,,,,,,,,,,,,
Sir Hill,BlackPanther,80,215826,7,8,15,6,7,7,5,striker,blue,10,,,,,5,5,5,5,5
Sir Hill,MrFantastic,100,670315,7,10,19,7,6,6,5,skirmisher,purple,,,,5,12,2,2,2,2,2
Sir Hill,Carnage,100,854543,7,11,19,6,7,7,5,skirmisher,purple,,,,1,13,3,3,3,3,3
Sir Hill,Heimdall,75,168649,7,9,14,6,6,6,5,raider,blue,4,4,,10,,5,5,5,5,5
Sir Hill,Colossus,70,166837,7,11,13,6,6,6,5,fortifier,,1,5,,,,5,5,5,5,5
Sir Hill,Juggernaut,105,1211331,7,10,19,7,7,6,5,fortifier,purple,,13,,,,3,3,3,3,3
Sir Hill,DoctorStrange,105,1290751,7,10,19,6,7,8,6,healer,purple,,,13,,,3,3,3,3,3
Sir Hill,Nobu,60,74646,7,7,11,6,6,6,4,fortifier,,,5,,,,5,5,5,5,5
Sir Hill,Kingpin,60,83248,7,8,11,6,6,6,4,fortifier,,,5,,,,5,5,5,5,5
Sir Hill,AimDmg_Offense,80,150560,7,7,15,6,6,,4,striker,blue,10,7,,,,5,5,5,5,5
Sir Hill,Psylocke,95,394264,7,8,18,6,7,7,5,striker,blue,10,,,,,5,5,5,5,5
Sir Hill,YoYo,100,1037035,7,10,19,6,6,6,5,skirmisher,purple,12,12,12,12,13,3,3,3,3,3
Sir Hill,BlackWidow,70,143650,7,7,13,6,6,6,4,striker,,5,,,4,,5,5,5,5,5
Sir Hill,AimDmg_Speed,65,67321,6,6,12,6,6,,4,skirmisher,,,,,,5,5,5,5,5,5
Sir Hill,Minerva,75,154592,7,9,14,6,6,6,4,healer,blue,,,10,,,5,5,5,5,5
Sir Hill,Karnak,65,94984,7,8,12,6,6,6,4,skirmisher,,,,,4,5,5,5,5,5,5
Sir Hill,Graviton,65,100403,7,9,12,6,6,6,4,striker,,5,,,,,5,5,5,5,5
Sir Hill,Wasp,100,923763,7,10,19,6,6,6,5,raider,purple,,,,13,5,3,3,3,3,3
Sir Hill,AimControl_Infect,60,67614,7,7,11,6,6,,4,raider,,,,,5,,5,5,5,5,5
Sir Hill,StarLord,90,610815,7,10,17,8,8,8,5,skirmisher,purple,5,,,,13,3,3,3,3,3
Sir Hill,Toad,55,62994,7,8,10,6,5,5,4,raider,,,,,5,,5,5,5,5,5
Sir Hill,Hela,105,1367008,7,10,19,6,6,7,5,raider,purple,,,5,13,,3,3,3,3,3
Sir Hill,Namor,105,998534,7,10,19,7,7,7,5,raider,purple,5,,,13,,3,3,3,3,3
Sir Hill,MercSupport_Buffs,36,13625,5,5,7,4,3,,2,healer,,1,,5,2,,5,5,5,5,5
Sir Hill,Blob,60,86468,7,9,11,6,6,6,4,striker,,5,4,,,,5,5,5,5,5
Sir Hill,CaptainMarvel,85,238531,7,7,16,6,6,7,5,striker,blue,10,,,,,5,5,5,5,5
Sir Hill,Deadpool,110,3372077,7,12,20,7,7,7,5,raider,purple,13,13,13,14,13,4,4,4,4,4
Sir Hill,Thanos,80,386586,7,10,15,7,7,7,5,striker,blue,10,,,,,5,5,5,5,5
Sir Hill,Sif,75,176362,7,10,14,6,6,6,4,fortifier,blue,,10,,7,,5,5,5,5,5
Sir Hill,ScientistSupreme,100,1010027,7,9,19,7,7,7,5,healer,purple,,,13,,,3,3,3,3,3
Sir Hill,ProximaMidnight,80,182529,7,7,15,7,6,6,5,skirmisher,blue,,,,,10,5,5,5,5,5
Sir Hill,Stryfe,80,208429,7,9,15,7,7,6,5,fortifier,blue,,10,1,,,5,5,5,5,5
Sir Hill,SymbioteSpiderMan,80,246124,7,10,15,7,7,7,5,striker,blue,10,,,,,5,5,5,5,5
Sir Hill,GhostRider,70,119989,7,8,13,6,6,6,5,striker,,5,,,,,5,5,5,5,5
Sir Hill,Crystal,65,102766,7,9,12,6,6,6,4,healer,,,,5,,,5,5,5,5,5
Sir Hill,Taskmaster,105,1874079,7,11,20,7,7,7,5,skirmisher,purple,,,2,,13,3,3,3,3,3
Sir Hill,Ultron,85,205073,7,5,16,7,7,7,5,striker,blue,10,5,1,,,5,5,5,5,5
Sir Hill,CorvusGlaive,80,207283,7,9,15,7,6,6,5,raider,blue,,,,10,,5,5,5,5,5
Sir Hill,Ironheart,100,965306,7,10,19,6,6,6,5,raider,purple,,,,13,4,3,3,3,3,3
Sir Hill,Domino,100,1010912,7,10,19,6,6,6,5,raider,purple,12,12,12,13,12,3,3,3,3,3
Sir Hill,InvisibleWoman,105,1511244,7,10,19,7,7,7,5,healer,purple,,,13,,,3,3,3,3,3
Sir Hill,MrSinister,80,194111,7,7,15,7,7,7,5,healer,blue,,,10,,,5,5,5,5,5
Sir Hill,X23,60,124634,7,11,11,6,6,6,4,striker,,5,,,,,5,5,5,5,5
Sir Hill,SquirrelGirl,105,1621441,7,10,19,7,7,7,5,healer,purple,,,13,,,3,3,3,3,3
Sir Hill,Cyclops,100,666027,7,10,19,6,7,7,5,raider,purple,,,,10,,,,,,
Sir Hill,Negasonic,100,934323,7,10,19,6,6,6,5,raider,purple,12,12,12,13,12,3,3,3,3,3
Sir Hill,Beast,105,1277115,7,10,19,6,7,7,5,healer,purple,,,13,,,3,3,3,3,3
Sir Hill,RedSkull,70,113237,7,9,13,6,6,6,4,striker,,5,4,,,,5,5,5,5,5
Sir Hill,Shuri,85,243528,7,8,16,7,7,6,5,healer,blue,,7,10,,,5,5,5,5,5
Sir Hill,Swarm,60,116058,7,8,11,6,6,6,4,striker,,5,,,,,5,5,5,5,5
Sir Hill,Electro,1,739,7,8,1,1,1,,,,,,,,,,,,,2,
Sir Hill,Zemo,85,255579,7,9,16,7,7,7,5,striker,blue,10,,,,,5,5,5,5,5
Sir Hill,EmmaFrost,110,2066209,7,10,20,7,7,7,5,healer,purple,5,5,14,5,5,4,4,4,4,4
Sir Hill,Scream,80,219865,7,10,15,6,7,6,5,raider,blue,,,,10,,5,5,5,5,5
Sir Hill,Magneto,95,426083,7,9,18,7,7,6,5,raider,blue,4,,,10,9,5,5,5,5,5
Sir Hill,Stature,65,96671,7,9,12,6,6,6,4,fortifier,,,5,,,,5,5,5,5,5
Sir Hill,CullObsidian,80,199593,7,8,15,7,6,6,5,striker,blue,10,7,,,,5,5,5,5,5
Sir Hill,Yellowjacket,60,102879,7,7,11,6,6,6,4,raider,,,,,5,,5,5,5,5,5
Sir Hill,Shatterstar,75,179836,7,10,14,6,6,6,4,raider,blue,,,,10,,5,5,5,5,5
Sir Hill,Yelena,100,1425934,7,11,19,7,7,6,5,raider,purple,,,,13,3,3,3,3,3,3
Sir Hill,KittyPryde,80,219202,7,10,15,6,6,6,5,skirmisher,blue,,,,,10,5,5,5,5,5
Sir Hill,Ghost,105,1593979,7,11,19,7,7,7,5,striker,purple,13,1,,,5,3,3,3,3,3
Sir Hill,NickFury,96,409143,7,8,18,6,7,7,5,healer,purple,,5,10,,,,,,,
Sir Hill,Iceman,80,250508,7,11,15,6,6,6,5,raider,blue,,,,10,,5,5,5,5,5
Sir Hill,Ultimus,100,957823,7,10,19,7,7,7,4,striker,purple,13,5,,,,3,3,3,3,3
Sir Hill,BlackBolt,100,724069,7,9,19,7,7,7,5,striker,purple,12,,,,,2,2,2,2,2
Sir Hill,WhiteTiger,36,22325,7,8,7,4,3,3,2,striker,,5,,,,,5,5,5,5,5
Sir Hill,EbonyMaw,80,198165,7,7,15,6,7,7,5,healer,blue,,,10,,,5,5,5,5,5
Sir Hill,Longshot,75,140000,7,7,14,6,6,6,4,raider,blue,,,,10,4,5,5,5,5,5
Sir Hill,SheHulk,105,1540462,7,10,19,7,7,7,5,skirmisher,purple,,,,,13,3,3,3,3,3
Sir Hill,Bishop,70,115413,7,9,13,6,6,6,4,striker,,5,,,,4,5,5,5,5,5
Sir Hill,MultipleMan,75,153284,7,8,14,6,6,6,5,healer,blue,,,10,,,5,5,5,5,5
Sir Hill,Phoenix,105,1547927,7,10,19,7,7,7,5,striker,purple,13,,7,,,3,3,3,3,3
Sir Hill,RedGuardian,106,1703290,7,10,19,6,7,7,5,healer,purple,,,13,,,3,3,3,3,3
Sir Hill,SilverSurfer,100,948346,7,9,19,7,7,7,5,striker,purple,12,,,,,2,2,2,2,2
Sir Hill,Sybil,105,999212,7,10,19,7,7,7,5,striker,purple,12,,,,1,2,2,2,2,2
Sir Hill,Polaris,105,1843434,7,12,19,7,7,7,5,raider,purple,,,,13,,3,3,3,3,3
Sir Hill,AntiVenom,80,266391,7,11,15,6,6,7,5,healer,blue,,,10,,,5,5,5,5,5
Sir Hill,PhylaVell,85,278284,7,9,16,7,7,7,5,striker,blue,10,,,,,5,5,5,5,5
Sir Hill,Moondragon,105,1335782,7,10,19,6,7,8,6,healer,purple,,,13,,,3,3,3,3,3
Sir Hill,ColleenWing,80,181339,7,7,15,6,6,7,5,striker,blue,10,,,,,5,5,5,5,5
Sir Hill,MistyKnight,80,202979,7,9,15,7,6,6,5,skirmisher,blue,,,5,,10,5,5,5,5,5
Sir Hill,SharonCarter,85,244608,7,8,16,6,7,7,4,striker,blue,10,,,,,5,5,5,5,5
Sir Hill,SamWilson,105,1610603,7,10,20,7,7,7,5,healer,purple,7,,13,,13,3,3,3,3,3
Sir Hill,MoonKnight,100,885480,7,9,19,6,7,7,5,raider,purple,,,,13,,3,3,3,3,3
Sir Hill,Deathpool,100,796466,7,10,19,7,7,7,5,striker,purple,12,,,,,2,2,2,2,2
Sir Hill,ShangChi,85,270384,7,9,16,7,7,7,5,raider,blue,8,,,10,,5,5,5,5,5
Sir Hill,Jubilee,95,726286,7,10,18,6,6,6,4,striker,purple,10,,,,,,,,,
Sir Hill,Dagger,90,338105,7,9,17,7,7,7,5,striker,blue,10,,,,,5,5,5,5,5
Sir Hill,MariaHill,75,167810,7,9,14,6,6,6,4,healer,blue,,,10,,,5,5,5,5,5
Sir Hill,SilverSamurai,75,156213,7,8,14,6,6,6,5,skirmisher,blue,,7,,,10,5,5,5,5,5
Sir Hill,LadyDeathstrike,105,1588201,7,10,20,7,7,7,5,striker,purple,13,,,,,3,3,3,3,3
Sir Hill,Sersi,95,467358,7,9,18,7,7,7,5,skirmisher,blue,,,,,10,5,5,5,5,5
Sir Hill,DoctorOctopus,100,792530,7,10,19,7,7,7,5,healer,purple,,,13,,,3,3,3,3,3
Sir Hill,Ikaris,95,461034,7,9,18,7,7,7,5,striker,blue,10,,,,,5,5,5,5,5
Sir Hill,Doom,105,734526,7,5,19,7,7,7,5,striker,purple,12,,,,,2,2,2,2,2
Sir Hill,Cloak,85,256436,7,8,16,7,7,7,5,skirmisher,blue,,,,,10,5,5,5,5,5
Sir Hill,Magik,105,2079843,7,12,20,7,7,7,5,striker,purple,13,,,,,3,3,3,3,3
Sir Hill,AdamWarlock,100,1307132,7,10,19,7,8,8,6,striker,purple,13,,,,,3,3,3,3,3
Sir Hill,ScarletSpider,85,269171,7,8,16,7,7,7,5,striker,blue,10,,,,,5,5,5,5,5
Sir Hill,SpiderPunk,75,155147,7,8,14,6,6,6,4,raider,blue,,,,10,,5,5,5,5,5
Sir Hill,Echo,80,215281,7,9,15,6,7,7,5,raider,blue,,,,10,,5,5,5,5,5
Sir Hill,OmegaRed,100,1373944,7,10,19,7,7,7,5,striker,purple,13,,,,,3,3,3,3,3
Sir Hill,KateBishop,80,197041,7,8,15,6,7,6,5,striker,blue,10,,,,,5,5,5,5,5
Sir Hill,DoctorVoodoo,75,155278,7,8,14,6,6,6,4,skirmisher,blue,,,,,10,5,5,5,5,5
Sir Hill,GhostSpider,105,1017202,7,10,19,7,7,7,5,raider,purple,,,,13,,3,3,3,3,3
Sir Hill,Morbius,70,113610,7,8,13,6,6,6,4,striker,,5,,,,,5,5,5,5,5
Sir Hill,TChalla,54,56813,7,7,10,5,5,5,4,skirmisher,,,,,,5,5,5,5,5,5
Sir Hill,StrangeSupreme,105,1620402,7,10,19,7,7,7,5,raider,purple,,,,13,,3,3,3,3,3
Sir Hill,MorganLeFay,96,413020,7,5,18,7,8,7,6,raider,blue,,,,10,,5,5,5,5,5
Sir Hill,Wong,90,309219,7,8,17,7,7,7,5,striker,blue,10,,,,,5,5,5,5,5
Sir Hill,AgathaHarkness,105,1336127,7,10,19,7,7,7,5,skirmisher,purple,,,,9,13,3,3,3,3,3
Sir Hill,MadelynePryor,105,1351620,7,10,19,7,7,7,5,striker,purple,13,,,,,3,3,3,3,3
Sir Hill,SpiderWoman,85,241295,7,8,16,6,6,6,4,striker,blue,10,,,,,5,5,5,5,5
Sir Hill,NicoMinoru,85,236030,7,8,16,6,6,6,4,skirmisher,blue,,,,2,10,5,5,5,5,5
Sir Hill,Fantomex,90,305115,7,10,17,6,6,6,5,raider,blue,,,,10,,5,5,5,5,5
Sir Hill,Gambit,100,726994,7,9,19,7,7,7,5,raider,purple,,,,13,,3,3,3,3,3
Sir Hill,Dazzler,90,264357,7,8,17,6,6,6,5,raider,blue,,,,10,,5,5,5,5,5
Sir Hill,Sunfire,100,655946,7,9,19,6,7,7,5,striker,purple,13,,,,,3,3,3,3,3
Sir Hill,JaneThor,80,197706,7,8,15,6,6,6,5,raider,blue,5,4,,10,,5,5,5,5,5
Sir Hill,Rogue,100,576639,7,5,19,8,7,7,6,striker,purple,12,,,,,2,2,2,2,2
Sir Hill,Valkyrie,86,271261,7,9,16,6,7,6,5,raider,purple,,,,13,,3,3,3,3,3
Sir Hill,VivVision,80,206185,7,8,15,6,6,7,5,striker,blue,10,,8,,,5,5,5,5,5
Sir Hill,Deathlok,80,194054,7,8,15,6,6,6,4,raider,blue,,,,10,,5,5,5,5,5
Sir Hill,Hulkbuster,80,214703,7,8,15,6,7,7,5,striker,blue,10,,,,,5,5,5,5,5
Sir Hill,AmadeusCho,90,596714,7,10,17,6,7,7,5,skirmisher,purple,9,,,,13,3,3,3,3,3
Sir Hill,RedHulk,100,570800,7,6,19,7,8,7,6,raider,blue,4,,,10,1,5,5,5,5,5
Sir Hill,SpiderWeaver,100,1045143,7,12,19,7,7,7,5,striker,purple,12,,,,,2,2,2,2,2
Sir Hill,Abomination,95,441478,7,8,18,6,7,7,5,raider,blue,,,,10,,5,5,5,5,5
Sir Hill,SpiderManNoir,105,920339,7,9,19,7,7,7,5,raider,purple,,,,13,,3,3,3,3,3
Sir Hill,SpiderMan2099,80,202821,7,9,15,6,6,6,4,raider,blue,,,,10,,5,5,5,5,5
Sir Hill,ZombieIronMan,105,1451341,7,10,19,7,7,7,5,striker,purple,13,,,,,3,3,3,3,3
Sir Hill,Dormammu,100,632435,7,6,19,7,7,7,5,striker,purple,12,,,,,2,2,2,2,2
Sir Hill,BlackPantherBC,80,244103,7,10,15,6,6,7,5,striker,blue,10,,,,,5,5,5,5,5
Sir Hill,Nakia,80,199752,7,8,15,6,6,6,5,striker,blue,10,,,,,5,5,5,5,5
Sir Hill,DarkBeast,95,436843,7,9,18,7,7,7,5,skirmisher,blue,,,,,10,5,5,5,5,5
Sir Hill,MrNegative,75,178491,7,9,14,6,6,6,4,striker,blue,10,,,,,5,5,5,5,5
Sir Hill,Archangel,95,396157,7,6,18,7,7,8,6,striker,blue,10,,,,,5,5,5,5,5
Sir Hill,Nemesis,95,383963,7,7,18,6,7,7,5,striker,blue,10,,,,,5,5,5,5,5
Sir Hill,USAgent,95,536685,7,11,18,6,7,6,5,skirmisher,blue,,,,,10,5,5,5,5,5
Sir Hill,CaptainCarter,100,727770,7,9,19,7,7,7,5,healer,purple,7,5,13,5,5,3,3,3,3,3
Sir Hill,AbsorbingMan,85,238280,7,8,16,6,6,7,5,striker,blue,10,,,,,5,5,5,5,5
Sir Hill,KangTheConqueror,100,743715,7,9,19,7,7,7,5,striker,purple,13,,,9,,3,3,3,3,3
Sir Hill,Titania,95,497937,7,10,18,6,7,6,5,raider,purple,,,,13,,3,3,3,3,3
Sir Hill,Moonstone,85,256956,7,8,16,7,6,7,5,striker,blue,10,,,,,5,5,5,5,5
Sir Hill,AgentVenom,95,675522,7,12,18,7,7,7,5,raider,blue,,,,10,,5,5,5,5,5
Sir Hill,CaptainAmericaWW2,95,380157,7,7,18,7,7,7,5,skirmisher,blue,,,,,10,5,5,5,5,5
Sir Hill,UnionJack,95,475743,7,10,18,7,7,7,5,raider,blue,9,,,10,,5,5,5,5,5
Sir Hill,BuckyBarnes,95,376057,7,7,18,7,7,6,5,striker,blue,10,,,,,5,5,5,5,5
Sir Hill,IronFistOrson,105,1389077,7,10,19,7,7,7,5,raider,purple,,,9,13,,3,3,3,3,3
Sir Hill,Quicksilver,100,578642,7,5,19,7,7,7,5,striker,purple,12,,,,,2,2,2,2,2
Sir Hill,Apocalypse,110,1770201,7,10,20,8,8,8,6,striker,purple,14,,,,,4,4,4,4,4
Sir Hill,Firestar,85,253137,7,8,16,6,7,7,5,raider,blue,,,,10,,5,5,5,5,5
Sir Hill,Nova,105,933953,7,7,19,8,8,7,6,striker,purple,13,,,,,3,3,3,3,3
Sir Hill,Gwenpool,110,2835988,7,11,19,7,7,7,5,raider,purple,,,,14,,4,4,4,4,4
Sir Hill,Cosmo,105,934310,7,10,19,6,7,7,5,healer,purple,,,13,,7,3,3,3,3,3
Sir Hill,Korg,100,664724,7,10,19,6,7,6,5,skirmisher,purple,9,,,,13,3,3,3,3,3
Sir Hill,StarLord_Annihilation,105,941029,7,10,19,6,7,7,5,raider,purple,12,,,13,,3,3,3,3,3
Sir Hill,Thor_InfinityWar,105,944297,7,10,19,6,7,7,5,striker,purple,13,,,9,,3,3,3,3,3
Sir Hill,Vahl,100,799994,7,9,19,7,7,7,5,striker,purple,13,,,,,3,3,3,3,3
Sir Hill,LokiTeen,100,555999,7,8,18,7,7,6,5,striker,blue,10,,,,,5,5,5,5,5
Sir Hill,BetaRayBill,100,750669,7,10,19,7,7,7,5,raider,purple,,,,13,,3,3,3,3,3
Sir Hill,Sylvie,100,1622070,7,12,19,7,7,7,5,striker,blue,10,,,,,5,5,5,5,5
Sir Hill,Photon,105,1078600,7,10,19,7,7,7,5,striker,purple,13,,,,,3,3,3,3,3
Sir Hill,SpiderManBigTime,70,104177,7,1,13,6,6,6,4,striker,,5,,,,,5,5,5,5,5
Sir Hill,KamalaKhan,100,695476,7,10,19,6,7,6,5,skirmisher,purple,,,,,12,2,2,2,2,2
Sir Hill,BlackCat,100,594439,7,5,19,8,6,8,6,striker,purple,12,,,,,2,2,2,2,2
Sir Hill,GhostRiderRobbie,100,696354,7,9,19,6,7,7,5,raider,purple,,,,12,,2,2,2,2,2
Sir Hill,Ronin,85,234305,7,8,16,6,6,6,4,striker,blue,10,5,5,5,5,5,5,5,5,5
Sir Hill,Mockingbird,85,225397,7,8,16,6,6,6,4,healer,blue,5,5,10,5,5,5,5,5,5,5
Sir Hill,IronManInfinityWar,100,641584,7,9,19,6,7,7,5,striker,purple,10,,,,,,,,,
Sir Hill,Darkhawk,100,588373,7,9,18,6,7,7,5,raider,blue,,,,10,,5,5,5,5,5
Sir Hill,Tigra,85,226807,7,8,16,6,6,6,4,striker,blue,10,5,5,5,5,5,5,5,5,5
Sir Hill,ZombieJuggernaut,105,1661291,7,10,20,6,7,7,5,striker,purple,13,,,,,3,3,3,3,3
Sir Hill,IronheartMCU,100,551126,7,9,18,6,6,7,5,skirmisher,blue,,,,,10,5,5,5,5,5
Sir Hill,GreenGoblinGlider,103,909476,7,9,19,8,7,8,6,raider,purple,,,,13,,3,3,3,3,3
Sir Hill,KravenTheHunter,100,685482,7,9,19,6,7,7,5,raider,purple,,,,13,,3,3,3,3,3
Sir Hill,SpiderSlayer,100,677359,7,9,19,6,7,7,4,striker,purple,13,,,,,3,3,3,3,3
Sir Hill,Lizard,100,714397,7,9,19,6,7,7,5,striker,purple,13,5,5,5,5,3,3,3,3,3
Sir Hill,Nightcrawler,100,848231,7,10,19,7,7,7,5,raider,purple,,,,13,,3,3,3,3,3
Sir Hill,Forge,100,747731,7,10,19,7,7,7,5,striker,purple,13,,,,,3,3,3,3,3
Sir Hill,Sunspot,105,1380632,7,10,19,6,7,7,5,striker,purple,13,5,5,5,5,3,3,3,3,3
Sir Hill,SymbioteSilverSurfer,105,1225266,7,11,19,6,7,7,5,raider,purple,,,,13,,3,3,3,3,3
Sir Hill,Gwenom,105,1056113,7,10,19,7,7,7,5,striker,purple,13,,,,,3,3,3,3,3
Sir Hill,RedGoblin,105,1176800,7,11,19,7,7,7,5,raider,purple,,,,13,,3,3,3,3,3
Sir Hill,BlackKnight,100,849170,7,10,19,7,7,7,5,fortifier,purple,,13,,,,3,3,3,3,3
Sir Hill,StarBrand,100,656219,7,9,19,6,6,7,5,raider,purple,5,5,5,12,5,2,2,2,2,2
Sir Hill,SuperSkrull,105,1250615,7,10,19,7,7,7,5,striker,purple,13,,,,,3,3,3,3,3
Sir Hill,CosmicGhostRider,100,669879,7,8,19,6,6,7,5,striker,purple,12,,,,,2,2,2,2,2
Sir Hill,IronPatriot,105,1006546,7,9,19,7,7,7,5,striker,purple,13,5,5,5,5,3,3,3,3,3
Sir Hill,TheLeader,105,1078642,7,9,19,7,7,7,5,striker,purple,13,5,5,5,5,3,3,3,3,3
Sir Hill,PeterBParker,105,1019291,7,9,19,7,7,7,5,healer,purple,,,13,,,3,3,3,3,3
Sir Hill,SpiderManPavitr,105,975466,7,9,19,7,7,7,5,striker,purple,13,,,,,3,3,3,3,3
Sir Hill,PeniParker,105,1089161,7,10,19,7,7,7,5,striker,purple,13,,,,,3,3,3,3,3
Sir Hill,PandaPool,100,710145,7,10,19,6,6,7,5,skirmisher,purple,,,,,12,2,2,2,2,2
Sir Hill,Daken,105,1484499,7,12,20,6,7,7,5,raider,purple,13,13,13,13,13,3,3,3,3,3
Sir Hill,OldManLogan,105,1282766,7,10,20,8,8,8,5,striker,purple,13,5,5,5,5,3,3,3,3,3
Sir Hill,Northstar,100,706301,7,9,19,6,7,7,5,raider,purple,,,,13,,3,3,3,3,3
Sir Hill,Guardian,100,737026,7,9,19,6,7,6,5,striker,purple,13,,,,,3,3,3,3,3
Sir Hill,Sasquatch,100,670545,7,9,19,6,7,7,5,skirmisher,purple,,,,,13,3,3,3,3,3
Sir Hill,BlackPantherShuri,105,1066591,7,10,19,7,7,7,5,raider,purple,5,5,5,13,5,3,3,3,3,3
Sir Hill,HankPym,105,1107431,7,10,19,7,7,7,5,striker,purple,13,5,5,5,5,3,3,3,3,3
Sir Hill,Ares,100,1116972,7,10,19,8,8,8,6,striker,purple,13,,,,,3,3,3,3,3
Sir Hill,Gladiator,105,1550575,7,10,20,7,7,7,5,fortifier,purple,5,13,5,5,5,3,3,3,3,3
Sir Hill,Gorr,105,1501257,7,10,20,7,7,7,5,raider,purple,,,,13,,3,3,3,3,3
Sir Hill,ThanosEndgame,106,1652475,7,10,20,7,7,7,5,striker,purple,13,5,5,5,5,3,3,3,3,3
Sir Hill,Sentinel,105,1516797,7,10,20,7,7,7,5,striker,purple,13,,,,,3,3,3,3,3
Sir Hill,Nimrod,105,1562986,7,10,20,7,7,7,5,raider,purple,,,,13,,3,3,3,3,3
Sir Hill,Blade,105,1635051,7,10,20,8,8,8,6,striker,purple,13,,,,,3,3,3,3,3
Sir Hill,Oath,105,2222763,7,12,20,7,7,7,5,raider,purple,,,,13,,3,3,3,3,3
Sir Hill,OmegaSentinel,105,1327110,7,9,19,6,7,7,5,skirmisher,purple,,,,,13,3,3,3,3,3
Sir Hill,CaptainBritain,105,1069233,7,10,19,8,8,8,6,striker,purple,13,,,,,3,3,3,3,3
Sir Hill,ZombieScarletWitch,105,1396559,7,8,19,7,7,7,5,raider,purple,,,,13,,3,3,3,3,3
Sir Hill,Mephisto,105,1790731,7,10,20,7,7,7,5,striker,purple,13,,,,,3,3,3,3,3
Sir Hill,ManThing,100,915510,7,9,19,6,7,7,5,fortifier,purple,,13,,,,3,3,3,3,3
Sir Hill,EmmaFrostXMen,105,1602327,7,10,20,7,8,7,6,striker,purple,13,,,,,3,3,3,3,3
Sir Hill,ShadowKing,108,1886063,7,10,20,8,8,7,6,striker,purple,13,5,5,5,5,3,3,3,3,3
Sir Hill,AncientOne,105,1518150,7,10,19,6,8,7,6,raider,purple,,,,13,,3,3,3,3,3
Sir Hill,Kahhori,105,1581443,7,10,19,7,7,7,5,striker,purple,13,,,,,3,3,3,3,3
Sir Hill,MsMarvelClassic,105,1495288,7,10,19,6,7,7,5,striker,purple,13,,,,,3,3,3,3,3
Sir Hill,Odin,110,2830032,7,9,20,7,7,7,5,raider,purple,,13,,14,,4,4,4,4,4
Sir Hill,Medusa,105,1475503,7,10,19,6,7,7,5,raider,purple,,,,13,,3,3,3,3,3
Sir Hill,JeanGrey,105,1395257,7,10,19,6,7,7,5,raider,purple,,,,13,,3,3,3,3,3
Sir Hill,Hercules,105,1619568,7,10,19,7,7,7,5,striker,purple,13,,,,,3,3,3,3,3
Sir Hill,OmegaRedPhoenix,105,1215011,6,5,19,8,7,7,6,striker,purple,13,,,,,3,3,3,3,3
Sir Hill,PeggyCarter,105,1655331,7,10,20,7,7,7,5,raider,purple,13,,,13,,3,3,3,3,3
Sir Hill,FalconJoaquin,105,1571799,7,10,20,6,7,7,5,healer,purple,13,,13,,,3,3,3,3,3
Sir Hill,Lilandra,105,1680383,7,10,20,7,7,7,5,raider,purple,,,,13,,3,3,3,3,3
Sir Hill,HowardTheDuck,105,1550408,7,10,19,6,7,7,5,raider,purple,,,,13,,3,3,3,3,3
Sir Hill,Patriot,105,1633113,7,10,20,7,7,7,5,raider,purple,,,,13,,3,3,3,3,3
Sir Hill,Knull,110,3494661,7,12,20,7,7,7,5,raider,purple,5,5,5,14,5,4,4,4,4,4
Sir Hill,Havok,105,1583237,7,10,19,6,7,7,5,striker,purple,13,,,,,3,3,3,3,3
Sir Hill,DaredevilModern,106,1744293,7,10,20,7,7,7,5,striker,purple,13,,,,,3,3,3,3,3
Sir Hill,SilverSable,106,1795349,7,10,20,7,7,7,5,raider,purple,,,,13,,3,3,3,3,3
Sir Hill,HitMonkey,106,1787736,7,10,20,7,7,7,5,raider,purple,,,,13,,3,3,3,3,3
Sir Hill,VictoriaHand,105,1979314,7,12,19,7,7,7,5,striker,purple,13,,,,,3,3,3,3,3
Sir Hill,Songbird,105,1839046,7,10,20,7,7,7,5,raider,purple,,,,13,,3,3,3,3,3
Sir Hill,Quasar,110,2180474,7,7,20,8,7,7,5,striker,purple,15,5,5,5,5,5,5,5,5,5
Sir Hill,Hyperion,108,2006655,7,10,20,7,7,7,5,striker,purple,13,,,,,3,3,3,3,3
Sir Hill,Hellverine,105,1648079,7,10,19,7,7,7,5,raider,purple,,,,13,,3,3,3,3,3
Sir Hill,TheHood,105,1590415,7,10,19,6,7,7,5,raider,purple,,,,13,,3,3,3,3,3
Sir Hill,Satana,105,1672090,7,10,20,7,7,7,5,striker,purple,13,,,,,3,3,3,3,3
Sir Hill,InvisibleWomanMCU,110,2934751,7,10,20,7,7,7,5,raider,purple,,,,15,,5,5,5,5,5
Sir Hill,MrFantasticMCU,110,2498938,7,10,20,7,7,7,5,fortifier,purple,,14,,,,5,4,5,4,5
Sir Hill,FranklinRichards,110,2822003,7,10,20,7,7,7,5,striker,purple,15,,13,,,5,5,5,5,5
Sir Hill,Azazel,105,1673082,7,10,20,7,7,7,5,raider,purple,,,,13,,3,3,3,3,3
Sir Hill,Blastaar,110,2382477,7,7,20,7,7,7,5,raider,purple,15,5,5,15,5,5,5,5,5,5
Sir Hill,RachelSummers,105,1601118,7,10,19,7,7,7,5,raider,purple,,,,13,,3,3,3,3,3
Sir Hill,SebastianShaw,108,1885055,7,10,19,7,7,7,5,striker,purple,13,,,,,3,3,3,3,3
Sir Hill,Xavier,110,2336115,7,6,20,7,7,7,5,raider,purple,,,,14,,4,4,4,4,4
Sir Hill,PhantomRider,105,939093,5,5,19,8,6,6,6,striker,purple,13,,,,,3,3,3,3,3
Sir Hill,Scorpion,106,1534812,7,10,20,6,6,7,5,striker,purple,13,,,,,3,3,3,3,3
Sir Hill,Hobgoblin,106,1679851,7,10,20,6,7,7,5,raider,purple,,,,13,,3,3,3,3,3
Sir Hill,SuperiorSpiderMan,106,1784745,7,10,20,7,7,7,5,striker,purple,13,,,,,3,3,3,3,3
Sir Hill,LivingMummy,105,1573001,7,9,20,7,7,7,5,striker,purple,13,,,,,3,3,3,3,3
Sir Hill,DaimonHellstrom,110,2611612,7,10,20,7,7,7,5,raider,purple,,,,14,,4,4,4,4,4
Sir Hill,Hellcat,105,1708167,7,10,20,7,7,7,5,striker,purple,13,,,,,3,3,3,3,3
Sir Hill,ZombieKestrel,105,829968,4,2,19,7,7,7,5,raider,purple,,,,13,,3,3,3,3,3
Sir Hill,LadyBullseye,105,1869175,7,11,19,6,7,7,5,raider,purple,,,,13,,3,3,3,3,3
Sir Hill,SwordMaster,105,1577596,7,10,19,7,7,7,5,striker,purple,13,,,,,3,3,3,3,3
Sir Hill,Thunderstrike,105,1566528,7,7,20,7,7,7,5,raider,purple,,,,13,,3,3,3,3,3
Sir Hill,SteelSerpent,105,1497288,7,10,19,7,7,7,5,skirmisher,purple,,,,,13,3,3,3,3,3
Sir Hill,Wolfsbane,105,1332819,7,7,19,6,7,7,5,striker,purple,13,,,,,3,3,3,3,3
Sir Hill,Cannonball,105,1170754,6,6,19,6,7,7,5,raider,purple,,,,13,,3,3,3,3,3
Sir Hill,Warlock,105,1118974,6,6,19,6,7,7,5,raider,purple,,,,13,,3,3,3,3,3
Sir Hill,Darkstar,105,1321743,6,6,19,6,7,7,5,raider,purple,,,,13,,3,3,3,3,3
Sir Hill,UrsaMajor,101,975179,6,6,19,6,7,7,5,raider,purple,,,,13,,3,4,3,3,3
Sir Hill,MagnetoPhoenixForce,105,989533,3,3,19,7,7,7,5,striker,purple,13,,,,,3,3,3,3,3
Sir Hill,Sentry,100,887958,6,6,19,7,7,7,5,raider,purple,,,,13,,3,3,3,3,3
Sir Hill,MoonGirl,75,197202,5,5,14,6,7,7,5,striker,blue,10,,,,,5,5,5,5,5
Sir Hill,NovaSamAlexander,1,492,5,5,1,1,1,,,,,,,,,,,,,,
Sir Hill,NightThrasher,60,92268,5,5,11,6,6,6,4,raider,,,,,5,,5,5,5,5,5
Sir Hill,Eclipse,1,333,4,3,1,1,1,,,,,,,,,,,,,,
Sir Hill,JeffTheLandShark,105,1083973,4,4,19,7,7,7,5,raider,purple,,,,14,,4,4,4,4,4
Sir Hill,Speedball,1,493,5,5,1,1,1,,,,,,,,,,,,,,
░S░e░n░t░r░y░,ShieldSupport_Heal,70,66793,7,10,9,5,5,,3,healer,,,,5,,,5,5,5,5,5
░S░e░n░t░r░y░,SpiderMan,105,705431,7,7,20,6,6,6,4,striker,purple,13,13,13,13,13,3,3,3,3,3
░S░e░n░t░r░y░,LukeCage,60,61005,7,5,11,6,6,6,4,fortifier,,,5,,,,5,5,5,5,5
░S░e░n░t░r░y░,Punisher,105,1589488,7,10,20,6,7,7,5,raider,purple,13,,,13,,3,3,3,3,3
░S░e░n░t░r░y░,Elektra,105,1348152,7,10,19,6,7,7,4,striker,purple,13,,,,13,3,3,3,3,3
░S░e░n░t░r░y░,Crossbones,50,18285,5,5,9,3,3,3,1,,,,,,,,,,,,
░S░e░n░t░r░y░,ShieldDmg_Defense,30,2593,1,1,5,3,2,,1,,,,,,,,,,,,
░S░e░n░t░r░y░,Nebula,70,56059,4,4,13,5,5,5,4,skirmisher,,,,,,5,5,5,5,5,5
░S░e░n░t░r░y░,HandSupport_Heal,30,4678,2,2,6,3,3,,1,,,,,,,,,,,,
░S░e░n░t░r░y░,ShieldSupport_Stealth,30,2927,2,2,4,3,2,,1,,,,,,,,,,,,
░S░e░n░t░r░y░,MercTank_Debuff,47,3337,1,1,4,3,2,,1,,,,,,,,,,,,
░S░e░n░t░r░y░,Wolverine,105,1546124,7,8,20,6,7,6,5,striker,purple,13,13,13,13,13,3,3,3,3,3
░S░e░n░t░r░y░,ScarletWitch,75,208231,7,8,14,6,6,6,4,skirmisher,blue,,,5,,10,5,5,5,5,5
░S░e░n░t░r░y░,JessicaJones,48,24070,5,5,9,3,3,2,1,skirmisher,,,,,,5,5,5,5,5,5
░S░e░n░t░r░y░,HandDmg_Bonus,37,3738,2,2,5,3,2,,1,,,,,,,,,,,,
░S░e░n░t░r░y░,RavagerTank_Taunt,40,3864,1,1,6,3,2,,1,,,,,,,,,,,,
░S░e░n░t░r░y░,MsMarvel,100,1116261,7,10,19,7,6,7,5,skirmisher,purple,,,,,13,3,3,3,3,3
░S░e░n░t░r░y░,HandControl_HealBlock,34,3059,2,2,4,3,2,,1,,,,,,,,,,,,
░S░e░n░t░r░y░,HydraSupport_Heal,1,121,1,1,1,1,1,,,,,,,,,,,,,,
░S░e░n░t░r░y░,AntMan,45,43979,7,8,8,5,4,4,3,skirmisher,,,,,,5,5,5,5,5,5
░S░e░n░t░r░y░,UltGreenGoblin,34,4233,3,3,4,3,2,2,1,,,,,,,,,,,,
░S░e░n░t░r░y░,Hulk,51,39205,7,9,9,4,4,4,2,,,,,,,,,,,3,
░S░e░n░t░r░y░,AimDmg_Speed,45,4089,2,2,5,3,2,,1,,,,,,,,,,,,
░S░e░n░t░r░y░,HandTank_Stealth,38,4221,2,2,6,3,2,,1,,,,,,,,,,,,
░S░e░n░t░r░y░,Bullseye,1,201,2,2,1,1,1,,,,,,,,,,,,,,
░S░e░n░t░r░y░,Quake,95,689210,7,10,18,6,6,6,4,raider,purple,12,12,12,12,12,2,2,2,2,2
░S░e░n░t░r░y░,Venom,75,221116,7,11,14,6,6,6,4,striker,blue,10,,,,,5,5,5,5,5
░S░e░n░t░r░y░,Deadpool,105,1731585,7,10,20,6,7,6,5,raider,purple,13,13,13,13,13,3,3,3,3,3
░S░e░n░t░r░y░,SilverSurfer,100,807952,7,9,18,7,7,7,5,skirmisher,blue,10,,,10,10,5,5,5,5,5
░S░e░n░t░r░y░,Cosmo,70,59925,4,4,13,5,5,5,4,healer,,,,5,,,5,5,5,5,5
░S░e░n░t░r░y░,Thanos,52,79713,7,10,9,5,5,5,3,raider,,,,,5,,5,5,5,5,5
░S░e░n░t░r░y░,Gamora,70,67298,5,5,13,5,5,5,4,striker,,5,,,,,5,5,5,5,5
░S░e░n░t░r░y░,WarMachine,60,114096,7,8,11,6,6,6,4,raider,,,,,5,,5,5,5,5,5
░S░e░n░t░r░y░,RavagerSupport_Heal,45,4589,1,1,6,3,2,,1,,,,,,,,,,,,
░S░e░n░t░r░y░,Loki,75,144485,7,7,14,6,6,6,4,skirmisher,blue,,,,,10,5,5,5,5,5
░S░e░n░t░r░y░,IronFist,70,151099,7,10,13,6,6,6,4,healer,,,,5,,,5,5,5,5,5
░S░e░n░t░r░y░,Forge,95,464773,7,9,18,6,7,6,5,striker,purple,13,9,9,9,9,3,3,3,3,3
░S░e░n░t░r░y░,IronManInfinityWar,50,35130,5,5,9,5,5,5,3,striker,,5,,,,,5,5,5,5,5
░S░e░n░t░r░y░,OmegaRed,100,1292453,7,10,19,6,6,7,5,striker,purple,13,,,,,3,3,3,3,3
░S░e░n░t░r░y░,Zemo,1,862,7,10,1,1,1,,,,,,,,,,,,,,
░S░e░n░t░r░y░,IronMan,100,532635,7,7,19,6,7,6,5,raider,blue,,,,10,,5,5,5,5,5
░S░e░n░t░r░y░,NickFury,70,81786,6,6,13,6,6,6,4,healer,,,,5,,,5,5,5,5,5
░S░e░n░t░r░y░,DoctorOctopus,90,306247,7,8,17,6,7,6,5,healer,purple,,,10,,,,,,,
░S░e░n░t░r░y░,Titania,85,246233,7,9,16,6,6,6,4,raider,blue,,,,10,,5,5,5,5,5
░S░e░n░t░r░y░,KangTheConqueror,95,500426,7,9,18,6,6,7,5,striker,purple,13,9,9,9,9,3,3,3,3,3
░S░e░n░t░r░y░,RedGoblin,100,736251,7,10,19,7,6,7,5,raider,purple,,,,13,,3,3,3,3,3
░S░e░n░t░r░y░,Korath,1,195,2,2,1,1,1,,,,,,,,,,,,,,
░S░e░n░t░r░y░,KreeTank_Counter,1,103,1,1,1,1,1,,,,,,,,,,,,,,
░S░e░n░t░r░y░,AimSupport_Heal,1,103,1,1,1,1,1,,,,,,,,,,,,,,
░S░e░n░t░r░y░,KreeDmg_Offense,1,103,1,1,1,1,1,,,,,,,,,,,,,,
░S░e░n░t░r░y░,KreeDmg_Speed,1,103,1,1,1,1,1,,,,,,,,,,,,,,
░S░e░n░t░r░y░,MercSupport_Buffs,1,103,1,1,1,1,1,,,,,,,,,,,,,,
░S░e░n░t░r░y░,KreeControl_Assist,1,103,1,1,1,1,1,,,,,,,,,,,,,,
░S░e░n░t░r░y░,KreeSupport_HoT,1,103,1,1,1,1,1,,,,,,,,,,,,,,
░S░e░n░t░r░y░,ShieldTank_Stun,1,103,1,1,1,1,1,,,,,,,,,,,,,,
░S░e░n░t░r░y░,AimTank_Taunt,1,103,1,1,1,1,1,,,,,,,,,,,,,,
░S░e░n░t░r░y░,Rhino,1,384,4,4,1,1,1,,,,,,,,,,,,,,
░S░e░n░t░r░y░,AmericaChavez,1,288,3,3,1,1,1,,,,,,,,,,,,,,
░S░e░n░t░r░y░,Shuri,40,15339,7,9,5,3,2,2,1,healer,,,,5,,,5,5,5,5,5
░S░e░n░t░r░y░,Jubilee,1,1237,7,10,1,1,1,,,striker,,5,,,,,5,5,5,5,5
░S░e░n░t░r░y░,Magneto,1,798,7,9,1,1,1,,,,,,,,,,,,,,
░S░e░n░t░r░y░,Hawkeye,1,477,5,5,1,1,1,,,,,,,,,,,,,,
░S░e░n░t░r░y░,CaptainAmerica,105,961840,7,10,20,6,6,6,4,fortifier,purple,13,13,13,13,13,3,3,3,3,3
░S░e░n░t░r░y░,Thing,80,293180,7,10,15,6,6,6,4,raider,blue,5,,,10,,5,5,5,5,5
░S░e░n░t░r░y░,Gwenom,80,241890,7,10,15,6,7,6,5,striker,blue,10,,,,,5,5,5,5,5
░S░e░n░t░r░y░,Gambit,95,485577,7,9,18,6,7,6,5,raider,purple,9,9,9,13,9,3,3,3,3,3
░S░e░n░t░r░y░,Hela,85,446244,7,11,16,6,6,6,4,raider,blue,,,,10,,5,5,5,5,5
░S░e░n░t░r░y░,Wasp,50,62089,7,9,9,5,5,5,3,raider,,,,,5,,5,5,5,5,5
░S░e░n░t░r░y░,BlackBolt,100,713381,7,9,19,7,6,7,5,striker,purple,13,,,,,3,3,3,3,3
░S░e░n░t░r░y░,TheLeader,90,391126,7,9,17,6,7,7,5,striker,purple,13,5,5,5,5,3,3,3,3,3
░S░e░n░t░r░y░,Nightcrawler,100,817569,7,10,19,6,7,7,5,raider,purple,9,9,9,13,9,3,3,3,3,3
░S░e░n░t░r░y░,Mysterio,100,601084,7,9,18,6,6,7,5,raider,purple,,,,13,10,3,3,3,3,3
░S░e░n░t░r░y░,EbonyMaw,1,801,7,9,1,1,1,,,,,,,,,,,,,,
░S░e░n░t░r░y░,InvisibleWoman,100,1058859,7,9,19,6,7,7,5,fortifier,purple,,13,5,,,3,3,3,3,3
░S░e░n░t░r░y░,StarLord,70,164249,7,10,13,6,6,6,4,skirmisher,,,,,,5,5,5,5,5,5
░S░e░n░t░r░y░,KravenTheHunter,95,455563,7,9,18,6,6,6,5,raider,purple,,,,13,,3,3,3,3,3
░S░e░n░t░r░y░,StarBrand,100,503710,7,8,18,6,6,6,4,raider,blue,5,5,5,10,5,5,5,5,5,5
░S░e░n░t░r░y░,Korg,1,573,6,6,1,1,1,,,,,,,,,,,,,,
░S░e░n░t░r░y░,Sabretooth,1,288,3,3,1,1,1,,,,,,,,,,,,,,
░S░e░n░t░r░y░,NicoMinoru,1,739,7,8,1,1,1,,,,,,,,,,,,,,
░S░e░n░t░r░y░,Darkhawk,70,111589,7,8,13,6,6,6,4,raider,,,,,5,,5,5,5,5,5
░S░e░n░t░r░y░,GhostRiderRobbie,75,155689,7,7,14,6,6,6,4,raider,blue,,,,10,,5,5,5,5,5
░S░e░n░t░r░y░,ElsaBloodstone,50,77655,7,9,9,5,5,5,3,raider,,,,,5,,5,5,5,5,5
░S░e░n░t░r░y░,NightNurse,1,734,7,8,1,1,1,,,,,,,,,,,,,,
░S░e░n░t░r░y░,Sasquatch,100,569572,7,8,18,6,6,7,5,fortifier,purple,10,13,,,5,3,3,3,3,3
░S░e░n░t░r░y░,MrNegative,1,739,7,8,1,1,1,,,,,,,,,,,,,,
░S░e░n░t░r░y░,Phoenix,100,1223715,7,10,19,7,7,7,5,raider,purple,13,,,13,,3,3,3,3,3
░S░e░n░t░r░y░,MrFantastic,100,561658,7,10,18,6,6,6,4,skirmisher,blue,,,,,10,5,5,5,5,5
░S░e░n░t░r░y░,Daredevil,70,171433,7,10,13,6,6,6,4,raider,,,,,5,,5,5,5,5,5
░S░e░n░t░r░y░,Storm,100,1067890,7,10,19,7,7,7,5,raider,purple,,,,13,,3,3,3,3,3
░S░e░n░t░r░y░,Electro,67,52903,5,5,12,5,4,4,2,raider,,,,,5,,5,5,5,5,5
░S░e░n░t░r░y░,Mantis,1,381,4,4,1,1,1,,,,,,,,,,,,,,
░S░e░n░t░r░y░,MistyKnight,60,78129,7,10,11,5,5,5,3,skirmisher,,,,,,5,5,5,5,5,5
░S░e░n░t░r░y░,Gladiator,105,1550575,7,10,20,7,7,7,5,fortifier,purple,5,13,5,5,5,3,3,3,3,3
░S░e░n░t░r░y░,GhostSpider,95,426438,7,8,18,6,6,6,4,raider,purple,9,9,9,13,9,3,3,3,3,3
░S░e░n░t░r░y░,Shocker,105,1597790,7,10,20,6,7,7,5,striker,purple,14,,,,,4,4,4,4,4
░S░e░n░t░r░y░,EmmaFrost,105,1470004,7,10,20,6,7,7,5,healer,purple,5,5,13,10,5,3,3,3,3,3
░S░e░n░t░r░y░,LadyDeathstrike,105,1588201,7,10,20,7,7,7,5,striker,purple,13,,,,,3,3,3,3,3
░S░e░n░t░r░y░,YoYo,100,1126156,7,10,19,6,7,7,4,raider,purple,12,12,12,13,12,3,3,3,3,3
░S░e░n░t░r░y░,Negasonic,95,514230,7,7,18,6,6,6,4,raider,purple,12,12,12,12,12,2,2,2,2,2
░S░e░n░t░r░y░,KamalaKhan,1,937,7,7,1,1,1,,,skirmisher,,,,,,5,5,5,5,5,5
░S░e░n░t░r░y░,Cloak,1,1023,7,8,1,1,1,,,skirmisher,,,,,,5,5,5,5,5,5
░S░e░n░t░r░y░,Gorr,105,1501257,7,10,20,7,7,7,5,raider,purple,,,,13,,3,3,3,3,3
░S░e░n░t░r░y░,Stryfe,1,382,4,4,1,1,1,,,,,,,,,,,,,,
░S░e░n░t░r░y░,UltSpiderMan,100,1281205,7,10,19,6,7,7,5,raider,purple,13,,,13,,3,3,3,3,3
░S░e░n░t░r░y░,Daken,105,909704,7,9,20,6,6,6,4,raider,purple,13,13,13,13,13,3,3,3,3,3
░S░e░n░t░r░y░,Bishop,1,799,7,9,1,1,1,,,,,,,,,,,,,,
░S░e░n░t░r░y░,SpiderManPavitr,95,504574,7,9,18,6,6,7,5,striker,purple,13,9,9,9,9,3,3,3,3,3
░S░e░n░t░r░y░,Rescue,70,115249,7,8,13,6,6,6,4,healer,,,,5,,,5,5,5,5,5
░S░e░n░t░r░y░,Scream,1,477,5,5,1,1,1,,,,,,,,,,,,,,
░S░e░n░t░r░y░,Cyclops,95,535598,7,11,18,6,6,6,5,raider,purple,9,9,9,10,9,,,,,
░S░e░n░t░r░y░,Ikaris,95,410782,7,9,18,6,6,6,5,raider,purple,10,9,9,10,9,,,,,
░S░e░n░t░r░y░,Killmonger,40,9295,5,5,5,3,2,2,1,raider,,,,,5,,5,5,5,5,5
░S░e░n░t░r░y░,WhiteTiger,1,288,3,3,1,1,1,,,,,,,,,,,,,,
░S░e░n░t░r░y░,Mockingbird,85,258377,7,9,16,6,6,7,5,healer,blue,5,5,10,5,5,5,5,5,5,5
░S░e░n░t░r░y░,Ares,95,751513,7,10,18,8,8,6,6,striker,purple,13,,,,,3,3,3,3,3
░S░e░n░t░r░y░,Taskmaster,105,1497320,7,10,20,6,6,7,5,skirmisher,purple,,,,,13,3,3,3,3,3
░S░e░n░t░r░y░,Sunspot,95,727063,7,10,18,6,6,7,5,striker,purple,13,9,9,9,9,3,3,3,3,3
░S░e░n░t░r░y░,BlackPantherShuri,100,735687,7,9,19,6,7,7,5,raider,purple,5,5,5,13,13,3,3,3,3,3
░S░e░n░t░r░y░,Toad,1,382,4,4,1,1,1,,,,,,,,,,,,,,
░S░e░n░t░r░y░,VivVision,1,383,4,4,1,1,1,,,,,,,,,,,,,,
░S░e░n░t░r░y░,CullObsidian,1,477,5,5,1,1,1,,,,,,,,,,,,,,
░S░e░n░t░r░y░,Lizard,100,648265,7,9,18,6,7,7,5,skirmisher,purple,5,5,5,5,13,3,3,3,3,3
░S░e░n░t░r░y░,Moondragon,85,339025,7,8,16,6,7,8,6,healer,blue,10,,10,,,5,5,5,5,5
░S░e░n░t░r░y░,Psylocke,1,288,3,3,1,1,1,,,,,,,,,,,,,,
░S░e░n░t░r░y░,Sybil,90,324505,7,9,17,6,7,6,5,raider,blue,5,,,10,,5,5,5,5,5
░S░e░n░t░r░y░,Vulture,106,1937201,7,10,20,7,7,7,5,raider,purple,,,,15,,5,5,5,5,5
░S░e░n░t░r░y░,Ronin,80,181425,7,7,15,6,6,6,4,striker,blue,10,5,5,5,5,5,5,5,5,5
░S░e░n░t░r░y░,Okoye,40,9338,5,5,5,3,2,2,1,skirmisher,,,,,,5,5,5,5,5,5
░S░e░n░t░r░y░,ScientistSupreme,100,1240018,7,11,19,6,7,7,5,healer,purple,,,13,,,3,3,3,3,3
░S░e░n░t░r░y░,Moonstone,1,936,7,7,1,1,1,,,striker,,5,,,,,5,5,5,5,5
░S░e░n░t░r░y░,Ronan,1,382,4,4,1,1,1,,,,,,,,,,,,,,
░S░e░n░t░r░y░,ProximaMidnight,1,478,5,5,1,1,1,,,,,,,,,,,,,,
░S░e░n░t░r░y░,HankPym,100,779260,7,9,19,7,7,7,5,healer,purple,10,5,13,5,10,3,3,3,3,3
░S░e░n░t░r░y░,Coulson,80,176807,7,7,15,6,6,6,4,striker,blue,10,,5,,,5,5,5,5,5
░S░e░n░t░r░y░,RocketRaccoon,70,190574,7,11,13,7,6,6,4,raider,,,,,5,,5,5,5,5,5
░S░e░n░t░r░y░,SharonCarter,1,736,7,8,1,1,1,,,,,,,,,,,,,,
░S░e░n░t░r░y░,Thor,1,572,6,6,1,1,1,,,,,,,,,,,,,,
░S░e░n░t░r░y░,DoctorStrange,95,649900,7,9,18,6,7,8,6,skirmisher,purple,,,10,,13,3,3,3,3,3
░S░e░n░t░r░y░,Namor,95,470966,7,9,18,6,6,7,5,raider,purple,,,,13,,3,3,3,3,3
░S░e░n░t░r░y░,Stature,1,476,5,5,1,1,1,,,,,,,,,,,,,,
░S░e░n░t░r░y░,HumanTorch,108,1957237,7,10,20,7,7,7,5,raider,purple,13,,13,13,,3,3,3,3,3
░S░e░n░t░r░y░,X23,1,290,3,3,1,1,1,,,,,,,,,,,,,,
░S░e░n░t░r░y░,SilverSamurai,1,288,3,3,1,1,1,,,,,,,,,,,,,,
░S░e░n░t░r░y░,Swarm,45,24616,3,3,8,5,4,4,3,striker,,5,,,,,5,5,5,5,5
░S░e░n░t░r░y░,ThanosEndgame,110,2281283,7,10,21,7,7,7,5,striker,purple,13,5,5,13,5,3,3,3,3,3
░S░e░n░t░r░y░,BlackKnight,100,825780,7,10,19,6,7,7,5,fortifier,purple,,13,,,,3,3,3,3,3
░S░e░n░t░r░y░,SymbioteSilverSurfer,100,911782,7,11,19,6,6,7,5,raider,purple,9,9,9,13,9,3,3,3,3,3
░S░e░n░t░r░y░,AmadeusCho,100,1225486,7,10,19,6,7,7,5,healer,purple,,,13,,,3,3,3,3,3
░S░e░n░t░r░y░,MariaHill,1,573,6,6,1,1,1,,,,,,,,,,,,,,
░S░e░n░t░r░y░,CaptainMarvel,1,479,5,5,1,1,1,,,,,,,,,,,,,,
░S░e░n░t░r░y░,SpiderManNoir,95,416576,7,8,18,6,6,6,4,raider,purple,9,9,9,13,9,3,3,3,3,3
░S░e░n░t░r░y░,IronheartMCU,50,50658,7,8,9,5,5,5,3,skirmisher,,,,,,5,5,5,5,5,5
░S░e░n░t░r░y░,TChalla,1,196,2,2,1,1,1,,,,,,,,,,,,,,
░S░e░n░t░r░y░,CaptainCarter,100,473128,7,7,18,6,6,6,4,healer,blue,5,5,10,5,5,5,5,5,5,5
░S░e░n░t░r░y░,Carnage,100,646772,7,9,19,6,6,7,5,skirmisher,purple,,,,,13,3,3,3,3,3
░S░e░n░t░r░y░,SpiderSlayer,1,1115,7,9,1,1,1,,,striker,,5,,,,,5,5,5,5,5
░S░e░n░t░r░y░,SpiderManBigTime,55,63018,7,2,10,6,5,5,4,striker,,5,,,,,5,5,5,5,5
░S░e░n░t░r░y░,Ironheart,55,90211,7,9,10,6,5,5,4,raider,,,,,5,,5,5,5,5,5
░S░e░n░t░r░y░,Valkyrie,1,864,7,10,1,1,1,,,,,,,,,,,,,,
░S░e░n░t░r░y░,Sunfire,95,489012,7,10,18,6,7,6,5,striker,purple,13,,,,,3,3,3,3,3
░S░e░n░t░r░y░,AdamWarlock,1,1239,7,10,1,1,1,,,striker,,5,,,,,5,5,5,5,5
░S░e░n░t░r░y░,PandaPool,90,353585,7,10,17,6,6,7,5,fortifier,blue,,10,,,5,5,5,5,5,5
░S░e░n░t░r░y░,PeterBParker,95,492940,7,8,18,6,6,7,5,healer,purple,9,9,13,9,9,3,3,3,3,3
░S░e░n░t░r░y░,CosmicGhostRider,100,560502,7,9,18,6,6,6,4,striker,blue,10,,,,,5,5,5,5,5
░S░e░n░t░r░y░,IronPatriot,90,347223,7,9,17,6,7,6,5,skirmisher,purple,5,5,5,5,13,3,3,3,3,3
░S░e░n░t░r░y░,SheHulk,1,960,7,7,1,1,1,,,skirmisher,,,,,,5,5,5,5,5,5
░S░e░n░t░r░y░,SamWilson,105,1524310,7,10,20,6,7,7,4,skirmisher,purple,5,5,5,5,13,3,3,3,3,3
░S░e░n░t░r░y░,SymbioteSpiderMan,1,195,2,2,1,1,1,,,,,,,,,,,,,,
░S░e░n░t░r░y░,WinterSoldier,1,195,2,2,1,1,1,,,,,,,,,,,,,,
░S░e░n░t░r░y░,StarLord_Annihilation,70,88082,6,6,13,6,6,6,4,raider,,,,,5,,5,5,5,5,5
░S░e░n░t░r░y░,Graviton,1,476,5,5,1,1,1,,,,,,,,,,,,,,
░S░e░n░t░r░y░,Northstar,95,460004,7,8,18,6,6,7,5,raider,purple,,,,13,,3,3,3,3,3
░S░e░n░t░r░y░,Gwenpool,1,1060,7,8,1,1,1,,,raider,,,,,5,,5,5,5,5,5
░S░e░n░t░r░y░,Longshot,1,572,6,6,1,1,1,,,,,,,,,,,,,,
░S░e░n░t░r░y░,PeniParker,95,483762,7,8,18,6,7,6,5,striker,purple,13,9,9,9,9,3,3,3,3,3
░S░e░n░t░r░y░,BlackWidow,45,34021,5,5,8,5,4,4,3,striker,,5,,,,,5,5,5,5,5
░S░e░n░t░r░y░,AgentVenom,1,196,2,2,1,1,1,,,,,,,,,,,,,,
░S░e░n░t░r░y░,Sersi,95,394649,7,8,18,6,6,7,4,skirmisher,purple,9,9,9,9,10,,,,,
░S░e░n░t░r░y░,Yellowjacket,45,27320,4,4,8,5,4,4,3,skirmisher,,,,,,5,5,5,5,5,5
░S░e░n░t░r░y░,Firestar,1,383,4,4,1,1,1,,,,,,,,,,,,,,
░S░e░n░t░r░y░,BaronMordo,60,113242,7,10,11,6,6,6,4,skirmisher,,,,,,5,5,5,5,5,5
░S░e░n░t░r░y░,Ultron,1,761,7,5,1,1,1,,,striker,,5,,,,,5,5,5,5,5
░S░e░n░t░r░y░,Deathpool,90,344286,7,10,17,6,6,6,4,striker,blue,10,,,,,5,5,5,5,5
░S░e░n░t░r░y░,Dagger,1,865,7,10,1,1,1,,,,,,,,,,,,,,
░S░e░n░t░r░y░,Falcon,105,1286289,7,10,19,6,7,7,5,raider,purple,,,,13,,3,3,3,3,3
░S░e░n░t░r░y░,Cable,90,373546,7,9,17,6,6,6,4,striker,blue,10,,,5,,5,5,5,5,5
░S░e░n░t░r░y░,SpiderPunk,1,196,2,2,1,1,1,,,,,,,,,,,,,,
░S░e░n░t░r░y░,MoonKnight,75,204191,7,9,14,6,6,6,4,raider,blue,10,,,10,,5,5,5,5,5
░S░e░n░t░r░y░,Polaris,90,406724,7,9,17,6,6,6,5,raider,blue,,,,10,,5,5,5,5,5
░S░e░n░t░r░y░,Echo,1,672,7,7,1,1,1,,,,,,,,,,,,,,
░S░e░n░t░r░y░,JaneThor,1,196,2,2,1,1,1,,,,,,,,,,,,,,
░S░e░n░t░r░y░,Guardian,95,447676,7,7,18,6,6,6,5,striker,purple,13,,,,,3,3,3,3,3
░S░e░n░t░r░y░,Sentinel,95,699656,7,10,18,6,6,7,5,striker,purple,13,,,,,3,3,3,3,3
░S░e░n░t░r░y░,AgathaHarkness,75,203811,7,8,14,6,6,6,4,skirmisher,blue,,,,,10,5,5,5,5,5
░S░e░n░t░r░y░,Magik,1,1328,7,11,1,1,1,,,striker,,5,,,,,5,5,5,5,5
░S░e░n░t░r░y░,Tigra,85,243121,7,8,16,6,6,7,5,striker,blue,10,5,5,5,5,5,5,5,5,5
░S░e░n░t░r░y░,SpiderMan2099,1,1023,7,8,1,1,1,,,raider,,,,,5,,5,5,5,5,5
░S░e░n░t░r░y░,ScarletSpider,1,573,6,6,1,1,1,,,,,,,,,,,,,,
░S░e░n░t░r░y░,CorvusGlaive,1,196,2,2,1,1,1,,,,,,,,,,,,,,
░S░e░n░t░r░y░,Kingpin,1,196,2,2,1,1,1,,,,,,,,,,,,,,
░S░e░n░t░r░y░,Domino,95,590422,7,8,18,6,6,6,4,raider,purple,12,12,12,12,12,2,2,2,2,2
░S░e░n░t░r░y░,Heimdall,1,196,2,2,1,1,1,,,,,,,,,,,,,,
░S░e░n░t░r░y░,Quicksilver,1,587,7,3,1,1,1,,,striker,,5,,,,,5,5,5,5,5
░S░e░n░t░r░y░,StrangeSupreme,105,1916539,7,10,20,7,7,7,5,raider,purple,,,,14,,4,4,4,4,4
░S░e░n░t░r░y░,RedSkull,1,195,2,2,1,1,1,,,,,,,,,,,,,,
░S░e░n░t░r░y░,AbsorbingMan,1,531,4,4,1,1,1,,,fortifier,,,5,,,,5,5,5,5,5
░S░e░n░t░r░y░,KittyPryde,65,31535,5,5,12,3,2,2,2,skirmisher,,,,,,5,5,5,5,5,5
░S░e░n░t░r░y░,Juggernaut,75,222568,7,10,14,6,6,6,4,fortifier,blue,,10,,,,5,5,5,5,5
░S░e░n░t░r░y░,Fantomex,1,195,2,2,1,1,1,,,,,,,,,,,,,,
░S░e░n░t░r░y░,Morbius,1,289,3,3,1,1,1,,,,,,,,,,,,,,
░S░e░n░t░r░y░,Wong,1,289,3,3,1,1,1,,,,,,,,,,,,,,
░S░e░n░t░r░y░,GhostRider,1,196,2,2,1,1,1,,,,,,,,,,,,,,
░S░e░n░t░r░y░,Crystal,1,477,5,5,1,1,1,,,,,,,,,,,,,,
░S░e░n░t░r░y░,IronFistOrson,106,1422551,7,9,20,6,6,7,5,raider,purple,,,,13,,3,3,3,3,3
░S░e░n░t░r░y░,MBaku,1,195,2,2,1,1,1,,,,,,,,,,,,,,
░S░e░n░t░r░y░,Ultimus,100,962068,7,10,19,7,7,7,5,raider,purple,10,,,13,13,3,3,3,3,3
░S░e░n░t░r░y░,MorganLeFay,90,238024,7,4,17,6,8,6,6,skirmisher,blue,5,,,,10,5,5,5,5,5
░S░e░n░t░r░y░,Rogue,90,258125,7,5,17,8,6,6,6,striker,blue,10,,,,,5,5,5,5,5
░S░e░n░t░r░y░,Archangel,90,254494,7,5,17,6,6,8,6,striker,blue,10,,,,,5,5,5,5,5
░S░e░n░t░r░y░,Nimrod,105,1519934,7,10,20,6,7,7,5,raider,purple,,,,13,,3,3,3,3,3
░S░e░n░t░r░y░,RedHulk,90,238424,7,4,17,6,8,6,6,raider,purple,,,,10,,,,,,
░S░e░n░t░r░y░,Sylvie,1,968,7,11,1,1,1,,,,,,,,,,,,,,
░S░e░n░t░r░y░,Mystique,1,195,2,2,1,1,1,,,,,,,,,,,,,,
░S░e░n░t░r░y░,PhylaVell,1,196,2,2,1,1,1,,,,,,,,,,,,,,
░S░e░n░t░r░y░,OmegaSentinel,105,1517633,7,10,20,6,7,7,5,skirmisher,purple,,,,,13,3,3,3,3,3
░S░e░n░t░r░y░,Ghost,105,1315422,7,10,19,6,7,7,5,striker,purple,13,,,,,3,3,3,3,3
░S░e░n░t░r░y░,ColleenWing,50,33673,5,5,9,5,5,5,3,striker,,5,,,,,5,5,5,5,5
░S░e░n░t░r░y░,ZombieJuggernaut,85,257583,7,4,16,6,6,6,4,striker,purple,10,,,,,,,,,
░S░e░n░t░r░y░,ZombieIronMan,60,82361,7,4,11,6,6,6,4,striker,,5,,,,,5,5,5,5,5
░S░e░n░t░r░y░,ShangChi,50,29577,4,4,9,5,5,5,3,raider,,,,,5,,5,5,5,5,5
░S░e░n░t░r░y░,Photon,75,131853,6,6,14,6,6,6,4,striker,blue,10,,,,,5,5,5,5,5
░S░e░n░t░r░y░,Iceman,1,382,4,4,1,1,1,,,,,,,,,,,,,,
░S░e░n░t░r░y░,Colossus,1,196,2,2,1,1,1,,,,,,,,,,,,,,
░S░e░n░t░r░y░,Nakia,1,196,2,2,1,1,1,,,,,,,,,,,,,,
░S░e░n░t░r░y░,Vahl,95,478495,7,7,18,6,7,7,4,striker,purple,13,9,9,9,9,3,3,3,3,3
░S░e░n░t░r░y░,SquirrelGirl,1,287,2,2,1,1,1,,,healer,,,,5,,,5,5,5,5,5
░S░e░n░t░r░y░,ZombieScarletWitch,60,60541,6,1,11,6,6,6,4,raider,,,,,5,,5,5,5,5,5
░S░e░n░t░r░y░,Pyro,1,476,5,5,1,1,1,,,,,,,,,,,,,,
░S░e░n░t░r░y░,Minerva,1,476,5,5,1,1,1,,,,,,,,,,,,,,
░S░e░n░t░r░y░,CaptainBritain,105,1035208,7,10,19,8,8,8,6,striker,purple,13,,,,13,3,3,3,3,3
░S░e░n░t░r░y░,SpiderWeaver,1,1112,7,9,1,1,1,,,striker,,5,,,,,5,5,5,5,5
░S░e░n░t░r░y░,Oath,105,1635407,7,10,20,7,7,7,5,raider,purple,13,,,13,13,3,3,3,3,3
░S░e░n░t░r░y░,GreenGoblinGlider,100,591747,7,5,19,6,7,8,6,striker,purple,13,,,10,,3,3,3,3,3
░S░e░n░t░r░y░,ManThing,80,263483,7,9,15,6,6,6,5,fortifier,blue,,10,,,,5,5,5,5,5
░S░e░n░t░r░y░,Thor_InfinityWar,1,1112,7,9,1,1,1,,,striker,,5,,,,,5,5,5,5,5
░S░e░n░t░r░y░,MadelynePryor,100,910254,7,9,19,7,6,7,4,striker,purple,13,,,,,3,3,3,3,3
░S░e░n░t░r░y░,CaptainAmericaWW2,1,196,2,2,1,1,1,,,,,,,,,,,,,,
░S░e░n░t░r░y░,Blob,1,195,2,2,1,1,1,,,,,,,,,,,,,,
░S░e░n░t░r░y░,Karnak,1,195,2,2,1,1,1,,,,,,,,,,,,,,
░S░e░n░t░r░y░,AntiVenom,1,195,2,2,1,1,1,,,,,,,,,,,,,,
░S░e░n░t░r░y░,Deathlok,1,196,2,2,1,1,1,,,,,,,,,,,,,,
░S░e░n░t░r░y░,Yelena,50,57444,6,6,9,5,5,5,3,raider,,,,,5,,5,5,5,5,5
░S░e░n░t░r░y░,HandDmg_Unbuff,1,195,2,2,1,1,1,,,,,,,,,,,,,,
░S░e░n░t░r░y░,RavagerDmg_AoE,1,103,1,1,1,1,1,,,,,,,,,,,,,,
░S░e░n░t░r░y░,HydraDmg_Buff,1,103,1,1,1,1,1,,,,,,,,,,,,,,
░S░e░n░t░r░y░,HydraDmg_AoE,1,103,1,1,1,1,1,,,,,,,,,,,,,,
░S░e░n░t░r░y░,HydraDmg_Single,1,103,1,1,1,1,1,,,,,,,,,,,,,,
░S░e░n░t░r░y░,ShieldDmg_AoE,1,103,1,1,1,1,1,,,,,,,,,,,,,,
░S░e░n░t░r░y░,HydraTank_Taunt,1,103,1,1,1,1,1,,,,,,,,,,,,,,
░S░e░n░t░r░y░,LokiTeen,1,383,4,4,1,1,1,,,,,,,,,,,,,,
░S░e░n░t░r░y░,DoctorVoodoo,1,196,2,2,1,1,1,,,,,,,,,,,,,,
░S░e░n░t░r░y░,Shatterstar,1,288,3,3,1,1,1,,,,,,,,,,,,,,
░S░e░n░t░r░y░,Groot,70,154823,7,10,13,6,6,6,5,healer,,,,5,,,5,5,5,5,5
░S░e░n░t░r░y░,AncientOne,95,735056,7,10,18,6,8,6,6,raider,purple,,,,13,,3,3,3,3,3
░S░e░n░t░r░y░,Nobu,1,288,3,3,1,1,1,,,,,,,,,,,,,,
░S░e░n░t░r░y░,Abomination,1,289,3,3,1,1,1,,,,,,,,,,,,,,
░S░e░n░t░r░y░,Beast,100,914990,7,9,19,6,7,7,5,healer,purple,,,13,,,3,3,3,3,3
░S░e░n░t░r░y░,BlackPanther,1,288,3,3,1,1,1,,,,,,,,,,,,,,
░S░e░n░t░r░y░,Blade,105,1635051,7,10,20,8,8,8,6,striker,purple,13,,13,13,13,3,3,3,3,3
░S░e░n░t░r░y░,BlackCat,1,677,7,4,1,1,1,,,striker,,5,,,,,5,5,5,5,5
░S░e░n░t░r░y░,Drax,1,195,2,2,1,1,1,,,,,,,,,,,,,,
░S░e░n░t░r░y░,Nova,1,676,7,4,1,1,1,,,striker,,5,,,,,5,5,5,5,5
░S░e░n░t░r░y░,SpiderWoman,1,290,3,3,1,1,1,,,,,,,,,,,,,,
░S░e░n░t░r░y░,Sif,1,573,6,6,1,1,1,,,,,,,,,,,,,,
░S░e░n░t░r░y░,MrSinister,1,288,3,3,1,1,1,,,,,,,,,,,,,,
░S░e░n░t░r░y░,KateBishop,1,195,2,2,1,1,1,,,,,,,,,,,,,,
░S░e░n░t░r░y░,OldManLogan,105,1282766,7,10,20,8,8,8,5,striker,purple,13,5,5,5,13,3,3,3,3,3
░S░e░n░t░r░y░,BetaRayBill,1,289,3,3,1,1,1,,,,,,,,,,,,,,
░S░e░n░t░r░y░,EmmaFrostXMen,105,1914933,7,11,20,7,8,7,6,raider,purple,13,,,13,,3,3,3,3,3
░S░e░n░t░r░y░,Vision,75,229407,7,9,14,6,6,6,4,raider,blue,5,,,10,5,5,5,5,5,5
░S░e░n░t░r░y░,Kahhori,105,1469838,7,10,19,7,7,7,5,raider,purple,13,,,13,5,3,3,3,3,3
░S░e░n░t░r░y░,Dazzler,1,288,3,3,1,1,1,,,,,,,,,,,,,,
░S░e░n░t░r░y░,RedGuardian,100,1707623,7,12,19,6,7,7,5,healer,purple,,5,13,,,3,3,3,3,3
░S░e░n░t░r░y░,USAgent,1,289,3,3,1,1,1,,,,,,,,,,,,,,
░S░e░n░t░r░y░,MsMarvelClassic,85,344717,7,9,16,6,6,6,5,healer,blue,5,,10,,,5,5,5,5,5
░S░e░n░t░r░y░,BlackPantherBC,1,666,5,5,1,1,1,,,striker,,5,,,,,5,5,5,5,5
░S░e░n░t░r░y░,Doom,100,524516,7,4,19,7,7,7,5,striker,purple,13,,,,,3,3,3,3,3
░S░e░n░t░r░y░,Dormammu,1,676,7,4,1,1,1,,,striker,,5,,,,,5,5,5,5,5
░S░e░n░t░r░y░,Hulkbuster,1,195,2,2,1,1,1,,,,,,,,,,,,,,
░S░e░n░t░r░y░,Nemesis,1,196,2,2,1,1,1,,,,,,,,,,,,,,
░S░e░n░t░r░y░,MultipleMan,1,382,4,4,1,1,1,,,,,,,,,,,,,,
░S░e░n░t░r░y░,Medusa,85,322384,7,8,16,6,6,6,5,raider,blue,5,,,10,,5,5,5,5,5
░S░e░n░t░r░y░,DarkBeast,1,289,3,3,1,1,1,,,,,,,,,,,,,,
░S░e░n░t░r░y░,ShadowKing,105,1253399,7,6,20,8,8,7,6,raider,purple,13,5,5,13,5,3,3,3,3,3
░S░e░n░t░r░y░,Apocalypse,105,1288611,7,10,20,8,8,8,6,striker,purple,13,,,,,3,3,3,3,3
░S░e░n░t░r░y░,UnionJack,1,288,3,3,1,1,1,,,,,,,,,,,,,,
░S░e░n░t░r░y░,AimControl_Infect,1,103,1,1,1,1,1,,,,,,,,,,,,,,
░S░e░n░t░r░y░,JeanGrey,105,1581598,7,10,20,7,7,7,5,striker,purple,13,,,13,,3,3,3,3,3
░S░e░n░t░r░y░,AimDmg_Offense,1,103,1,1,1,1,1,,,,,,,,,,,,,,
░S░e░n░t░r░y░,MercDmg_General,1,103,1,1,1,1,1,,,,,,,,,,,,,,
░S░e░n░t░r░y░,MercDmg_Single,1,103,1,1,1,1,1,,,,,,,,,,,,,,
░S░e░n░t░r░y░,Yondu,1,195,2,2,1,1,1,,,,,,,,,,,,,,
░S░e░n░t░r░y░,BuckyBarnes,1,289,3,3,1,1,1,,,,,,,,,,,,,,
░S░e░n░t░r░y░,OmegaRedPhoenix,105,1216398,5,5,20,7,7,7,5,raider,purple,13,,,13,,3,3,3,3,3
░S░e░n░t░r░y░,Hercules,105,1535691,7,10,19,6,7,7,5,striker,purple,13,,,13,,3,3,3,3,3
░S░e░n░t░r░y░,PeggyCarter,105,1635548,7,10,20,7,7,7,5,striker,purple,13,,,,,3,3,3,3,3
░S░e░n░t░r░y░,SuperSkrull,105,1250615,7,10,19,7,7,7,5,striker,purple,13,,,13,,3,3,3,3,3
░S░e░n░t░r░y░,FalconJoaquin,105,1605519,7,10,20,6,7,7,5,raider,purple,,,,13,,3,3,3,3,3
░S░e░n░t░r░y░,Lilandra,105,1680383,7,10,20,7,7,7,5,raider,purple,5,,,13,,3,3,3,3,3
░S░e░n░t░r░y░,Patriot,105,1588556,7,10,20,6,7,7,5,raider,purple,,,,13,,3,3,3,3,3
░S░e░n░t░r░y░,HowardTheDuck,70,183467,7,10,13,6,6,6,5,raider,,,,,5,,5,5,5,5,5
░S░e░n░t░r░y░,Havok,70,186980,7,10,13,6,6,6,5,striker,,5,,,,,5,5,5,5,5
░S░e░n░t░r░y░,DaredevilModern,105,1660371,7,10,20,7,7,7,5,striker,purple,13,13,,,,3,3,3,3,3
░S░e░n░t░r░y░,SilverSable,105,1710862,7,10,20,7,7,7,5,raider,purple,,,,13,,3,3,3,3,3
░S░e░n░t░r░y░,HitMonkey,105,1674789,7,10,20,7,7,7,5,striker,purple,13,,,13,,3,3,3,3,3
░S░e░n░t░r░y░,Knull,110,3150205,7,12,20,7,7,7,5,raider,purple,5,5,5,13,5,3,3,3,3,3
░S░e░n░t░r░y░,Songbird,105,1839046,7,10,20,7,7,7,5,raider,purple,5,,,13,,3,3,3,3,3
░S░e░n░t░r░y░,Quasar,105,1756385,7,9,20,8,7,7,5,striker,purple,15,5,5,5,5,5,5,5,5,5
░S░e░n░t░r░y░,VictoriaHand,105,1722277,7,11,19,7,7,7,5,striker,purple,13,,,,,3,3,3,3,3
░S░e░n░t░r░y░,Hyperion,100,1162298,7,10,19,6,7,7,5,striker,purple,13,13,,,,3,3,3,3,3
░S░e░n░t░r░y░,Hellverine,70,155531,7,8,13,6,6,6,4,raider,,,,,5,,5,5,5,5,5
░S░e░n░t░r░y░,TheHood,105,1590415,7,10,19,6,7,7,5,raider,purple,,10,,13,,3,3,3,3,3
░S░e░n░t░r░y░,Satana,1,1137,7,9,1,1,1,,,striker,,5,,,,,5,5,5,5,5
░S░e░n░t░r░y░,InvisibleWomanMCU,110,2639863,7,10,20,7,7,7,5,striker,purple,15,,,14,,5,5,5,5,5
░S░e░n░t░r░y░,Mephisto,105,1790731,7,10,20,7,7,7,5,striker,purple,13,,,,,3,3,3,3,3
░S░e░n░t░r░y░,MrFantasticMCU,110,2470537,7,10,20,7,7,7,5,fortifier,purple,,15,,,,5,5,5,5,5
░S░e░n░t░r░y░,FranklinRichards,110,2671755,7,10,20,7,7,7,5,raider,purple,14,,,15,,5,5,5,5,5
░S░e░n░t░r░y░,Blastaar,108,1989759,7,7,20,7,7,7,5,raider,purple,15,5,5,15,14,5,5,5,5,5
░S░e░n░t░r░y░,Azazel,100,1128550,7,10,19,6,7,7,5,raider,purple,,,,13,,3,3,3,3,3
░S░e░n░t░r░y░,Odin,105,1499544,7,5,20,7,7,7,5,raider,purple,,13,,13,,3,3,3,3,3
░S░e░n░t░r░y░,RachelSummers,105,1600791,7,10,20,6,7,7,5,raider,purple,13,,,13,,3,3,3,3,3
░S░e░n░t░r░y░,SebastianShaw,105,1670974,7,10,20,7,7,7,5,striker,purple,13,13,,,,3,3,3,3,3
░S░e░n░t░r░y░,Scorpion,105,1621312,7,10,20,7,7,7,5,striker,purple,14,,,,,4,4,4,4,4
░S░e░n░t░r░y░,Hobgoblin,105,1717588,7,10,20,7,7,7,5,raider,purple,,,,14,,4,4,4,4,4
░S░e░n░t░r░y░,PhantomRider,105,1030169,5,5,20,8,7,6,6,striker,purple,13,,,,,3,3,3,3,3
░S░e░n░t░r░y░,LivingMummy,105,1720383,7,10,20,6,7,7,5,striker,purple,14,,14,,,4,4,4,4,4
░S░e░n░t░r░y░,SuperiorSpiderMan,105,1775715,7,10,20,7,7,7,5,striker,purple,14,,,,,4,4,4,4,4
░S░e░n░t░r░y░,DaimonHellstrom,110,2375763,7,10,20,7,7,7,5,raider,purple,,,,14,,4,4,4,4,4
░S░e░n░t░r░y░,Hellcat,105,1736162,7,10,20,6,7,7,5,striker,purple,14,5,,,,4,4,4,4,4
░S░e░n░t░r░y░,ZombieKestrel,80,157152,4,2,15,6,6,6,4,raider,blue,,,,10,,5,5,5,5,5
░S░e░n░t░r░y░,Thunderstrike,105,1566528,7,7,20,7,7,7,5,raider,purple,,,,13,,3,3,3,3,3
░S░e░n░t░r░y░,LadyBullseye,70,180370,7,10,13,6,6,6,4,raider,,,,,5,,5,5,5,5,5
░S░e░n░t░r░y░,SteelSerpent,60,129557,7,10,11,6,6,6,4,skirmisher,,,,,,5,5,5,5,5,5
░S░e░n░t░r░y░,Xavier,110,2109435,7,6,20,7,7,7,5,raider,purple,,,,14,,4,4,4,4,4
░S░e░n░t░r░y░,SwordMaster,60,133951,7,10,11,6,6,6,4,striker,,5,,,,,5,5,5,5,5
░S░e░n░t░r░y░,Wolfsbane,1,1051,7,8,1,1,1,,,striker,,5,,,,,5,5,5,5,5
░S░e░n░t░r░y░,Warlock,1,684,5,5,1,1,1,,,raider,,,,,5,,5,5,5,5,5
░S░e░n░t░r░y░,Cannonball,1,685,5,5,1,1,1,,,raider,,,,,5,,5,5,5,5,5
░S░e░n░t░r░y░,Darkstar,100,850420,5,5,19,6,7,7,5,raider,purple,,,,13,,3,3,3,3,3
░S░e░n░t░r░y░,MagnetoPhoenixForce,105,1148104,4,4,20,6,7,7,5,striker,purple,13,,,,,3,3,3,3,3
░S░e░n░t░r░y░,UrsaMajor,100,710624,4,4,19,6,7,6,5,raider,purple,,,,13,,3,3,3,3,3
░S░e░n░t░r░y░,Sentry,105,1513939,7,7,20,7,7,7,5,raider,purple,,,,13,,3,3,3,3,3
░S░e░n░t░r░y░,NightThrasher,101,914881,5,5,19,7,7,7,5,raider,purple,,,,13,,3,3,3,3,3
░S░e░n░t░r░y░,MoonGirl,100,659995,4,4,19,6,6,6,5,striker,purple,13,,,,,3,3,3,3,3
░S░e░n░t░r░y░,NovaSamAlexander,100,710596,4,4,19,6,6,7,5,raider,purple,,,,13,,3,3,3,3,3
░S░e░n░t░r░y░,Eclipse,100,699039,4,4,19,6,6,6,4,raider,purple,,,,13,,3,3,3,3,3
░S░e░n░t░r░y░,JeffTheLandShark,1,210,4,,1,1,1,,,raider,,,,,5,,5,5,5,5,5
░S░e░n░t░r░y░,Speedball,100,657431,4,4,19,6,6,6,4,striker,purple,13,,,,,3,3,3,3,3
Maxen,ShieldSupport_Heal,17,2047,7,10,3,1,1,,,,,,,,,,,,,,
Maxen,SpiderMan,105,897330,7,10,20,6,7,6,5,skirmisher,purple,13,13,13,13,13,3,3,3,3,3
Maxen,LukeCage,17,2599,7,7,3,2,1,1,,fortifier,,,1,,,,1,1,1,1,1
Maxen,Loki,80,178145,7,8,15,6,6,6,4,skirmisher,blue,,,,,9,4,4,4,4,4
Maxen,Punisher,105,1589488,7,10,20,6,7,7,5,raider,purple,2,,,13,,3,3,3,3,3
Maxen,Deadpool,105,2217814,7,12,20,6,6,6,4,raider,purple,13,13,13,13,13,3,3,3,3,3
Maxen,ShieldDmg_Defense,1,670,7,7,1,1,1,,,,,,,,,,,,,,
Maxen,Crossbones,13,1198,7,8,1,1,1,,,,,,,,,,,,,,
Maxen,Elektra,100,1059721,7,10,19,6,7,7,4,raider,purple,,,,13,,3,3,3,3,3
Maxen,MsMarvel,100,1106590,7,10,19,7,7,6,5,skirmisher,purple,,,5,,13,3,3,3,3,3
Maxen,Rhino,65,85430,7,7,12,6,6,6,4,healer,,,3,3,,,3,3,3,3,3
Maxen,Thor,65,87696,7,8,12,6,6,6,4,raider,,3,,,3,,3,3,3,3,3
Maxen,BlackWidow,65,178336,7,11,12,6,6,6,4,striker,,3,,,,1,3,3,3,3,3
Maxen,Electro,65,94323,7,8,12,6,6,6,4,raider,,,,,3,,3,3,3,3,3
Maxen,Blob,35,18633,7,10,6,4,3,3,2,,,,,,,,,,,,
Maxen,Hawkeye,65,75785,7,7,12,6,6,6,4,skirmisher,,1,,,,1,1,1,1,1,1
Maxen,Sybil,95,478781,7,9,18,7,7,7,5,raider,purple,10,,,10,,,,,,
Maxen,Wolverine,105,1761672,7,10,20,6,7,6,5,striker,purple,13,13,13,13,13,3,3,3,3,3
Maxen,Swarm,65,131750,7,9,12,6,6,6,4,striker,,3,,,,,3,3,3,3,3
Maxen,Nebula,80,191009,7,9,15,7,6,7,5,skirmisher,blue,,,,,8,3,3,3,3,3
Maxen,Bullseye,1,288,3,3,1,1,1,,,,,,,,,,,,,,
Maxen,Mysterio,65,95607,7,9,12,6,6,6,4,skirmisher,,,,,,1,1,1,1,1,1
Maxen,ShieldTank_Stun,1,288,3,3,1,1,1,,,,,,,,,,,,,,
Maxen,ShieldDmg_AoE,1,287,3,3,1,1,1,,,,,,,,,,,,,,
Maxen,CaptainAmerica,105,986702,7,9,20,6,7,7,5,healer,purple,13,13,13,13,13,3,3,3,3,3
Maxen,HydraDmg_AoE,65,74525,7,7,12,6,6,,4,striker,,4,,,,,4,4,4,4,4
Maxen,SharonCarter,80,187866,7,8,15,6,7,7,5,striker,blue,7,,,,,2,2,2,2,2
Maxen,JessicaJones,105,1460679,7,10,19,6,6,6,4,skirmisher,purple,,,,,13,3,3,3,3,3
Maxen,RavagerDmg_AoE,75,115526,7,7,14,6,7,,4,skirmisher,blue,,,,,5,,,,,
Maxen,Shocker,100,1064300,7,10,19,6,7,7,5,striker,purple,13,,,,,3,3,3,3,3
Maxen,RavagerSupport_Heal,75,111587,7,7,14,6,6,,4,striker,blue,5,,5,,,,,,,
Maxen,Hulk,90,270209,7,7,17,6,7,6,5,striker,purple,10,,8,,4,,,,,
Maxen,Drax,1,733,7,8,1,1,1,,,,,,,,,,,,,,
Maxen,Minerva,65,63776,6,6,12,6,6,6,4,healer,,,,1,,,1,1,1,1,1
Maxen,IronMan,95,440960,7,8,18,6,7,6,5,raider,purple,,,,13,,3,3,3,3,3
Maxen,HandTank_Stealth,1,670,7,7,1,1,1,,,,,,,,,,,,,,
Maxen,Wasp,75,217791,7,9,14,6,6,6,4,raider,blue,,,,10,,5,5,5,5,5
Maxen,MercSupport_Buffs,70,70892,6,6,13,6,6,,4,healer,,4,,4,,,4,4,4,4,4
Maxen,Stryfe,1,799,7,9,1,1,1,,,,,,,,,,,,,,
Maxen,ShieldSupport_Stealth,1,288,3,3,1,1,1,,,,,,,,,,,,,,
Maxen,MercTank_Debuff,70,89603,7,7,13,7,6,,4,fortifier,,4,4,,,,4,4,4,4,4
Maxen,Scream,61,81888,7,9,11,6,6,6,4,striker,,3,,,,,3,3,3,3,3
Maxen,Thing,85,369261,7,10,16,6,7,6,4,raider,purple,,,,10,,,,,,
Maxen,AntMan,75,175653,7,8,14,6,6,6,4,skirmisher,,,,,,3,3,3,3,3,3
Maxen,Namor,100,707640,7,10,19,6,6,7,5,raider,purple,10,,,13,,3,3,3,3,3
Maxen,CaptainMarvel,1,675,7,7,1,1,1,,,,,,,,,,,,,,
Maxen,Sif,65,85385,7,8,12,6,6,6,4,healer,,,1,1,,,1,1,1,1,1
Maxen,Daredevil,105,1684912,7,10,19,6,7,7,4,raider,purple,,,,13,,3,3,3,3,3
Maxen,Toad,1,734,7,8,1,1,1,,,,,,,,,,,,,,
Maxen,Stature,65,74167,7,7,12,6,6,6,4,fortifier,,,1,,,,1,1,1,1,1
Maxen,Quake,65,122331,7,9,12,6,6,6,4,raider,,5,5,5,5,5,5,5,5,5,5
Maxen,Cable,95,652597,7,10,18,6,6,7,5,striker,purple,13,,,,,3,3,3,3,3
Maxen,Vulture,105,1619582,7,10,20,6,7,7,5,raider,purple,,,,13,,3,3,3,3,3
Maxen,SquirrelGirl,75,230854,7,9,14,6,7,6,5,healer,blue,5,,5,,,,,,,
Maxen,Yelena,65,156284,7,10,12,6,6,6,4,raider,,,,,3,,3,3,3,3,4
Maxen,Taskmaster,100,1255461,7,11,19,6,6,7,5,raider,purple,8,,,13,13,3,3,3,3,3
Maxen,SamWilson,80,270895,7,8,15,7,7,7,5,skirmisher,blue,,,1,,7,2,2,2,2,2
Maxen,Killmonger,75,148681,7,9,14,6,6,6,4,striker,blue,8,,,4,,3,3,3,3,3
Maxen,Domino,65,130111,7,8,12,6,6,6,4,raider,,5,5,5,5,5,5,5,5,5,5
Maxen,BlackPanther,80,195036,7,8,15,6,7,7,5,striker,blue,8,,,,,3,3,3,3,3
Maxen,HydraDmg_Buff,18,3502,7,7,4,2,2,,1,,,,,,,,,,,,
Maxen,UltSpiderMan,100,1185135,7,10,19,6,6,7,4,striker,purple,13,,,,,3,3,3,3,3
Maxen,YoYo,100,1110574,7,10,19,7,7,6,4,raider,purple,5,5,5,13,5,3,3,3,3,3
Maxen,RavagerTank_Taunt,75,96020,6,6,14,6,6,,5,skirmisher,blue,,,5,,5,,,,,
Maxen,Polaris,95,501847,7,7,18,6,6,6,5,raider,purple,,,,10,,,,,,
Maxen,CorvusGlaive,20,7026,7,10,4,2,2,2,1,striker,,1,,,,,1,1,1,1,1
Maxen,HydraSupport_Heal,1,718,7,7,1,1,1,,,fortifier,,,1,,,,1,1,1,1,1
Maxen,Ironheart,1,814,7,9,1,1,1,,,,,,,,,,,,,,
Maxen,Deathpool,95,499900,7,9,18,7,7,7,5,raider,purple,8,,,10,,,,,,
Maxen,Beast,100,944465,7,10,19,6,7,6,5,healer,purple,,,13,,5,3,3,3,3,3
Maxen,Zemo,65,103184,7,10,12,6,6,6,5,raider,,,3,,3,3,3,3,3,3,3
Maxen,Rescue,80,183333,7,8,15,6,6,6,4,healer,blue,,,9,,,4,4,4,4,4
Maxen,Shatterstar,75,135013,7,8,14,6,6,6,5,raider,blue,,,,5,,,,,,
Maxen,MercDmg_General,65,73252,7,7,12,6,6,,4,skirmisher,,,,,,3,3,3,3,3,3
Maxen,Heimdall,80,171096,7,8,15,6,6,6,5,raider,blue,1,,,8,,3,3,3,3,3
Maxen,Ronan,65,75370,7,7,12,6,6,6,4,skirmisher,,,,1,,1,1,1,1,1,1
Maxen,WarMachine,1,750,7,8,1,1,1,,,,,,,,,,,,,,
Maxen,Sabretooth,1,925,7,10,1,1,1,,,raider,,,,,1,,1,1,1,1,1
Maxen,KreeSupport_HoT,45,26400,7,7,8,5,4,,3,healer,,,,1,,,1,1,1,1,1
Maxen,ShangChi,1,789,7,8,1,1,1,,,raider,,,,,1,,1,1,1,1,1
Maxen,KreeTank_Counter,45,26902,7,7,8,5,4,,3,healer,,,1,1,,,1,1,1,1,1
Maxen,Ghost,100,1014769,7,10,19,6,7,7,5,striker,purple,13,,,,13,3,3,3,3,3
Maxen,KreeDmg_Speed,65,68790,7,7,12,6,6,,4,raider,,,,,1,,1,1,1,1,1
Maxen,MercDmg_Single,1,287,3,3,1,1,1,,,,,,,,,,,,,,
Maxen,MBaku,80,160658,7,7,15,6,7,6,4,striker,blue,8,1,,,,3,3,3,3,3
Maxen,Vision,80,316754,7,10,15,6,6,7,4,raider,blue,,,,10,,5,5,5,5,5
Maxen,KreeControl_Assist,45,26479,7,7,8,5,4,,3,striker,,1,,,,1,1,1,1,2,1
Maxen,Cyclops,85,254994,7,9,16,6,6,7,4,raider,purple,,,,10,,,,,,
Maxen,AmericaChavez,1,736,7,8,1,1,1,,,,,,,,,,,,,,
Maxen,X23,65,83239,7,7,12,6,6,6,4,striker,,1,,,,,1,1,1,1,1
Maxen,Carnage,95,471010,7,9,18,6,6,7,5,raider,purple,9,,,13,,3,3,3,3,3
Maxen,KittyPryde,80,170715,7,9,15,6,6,6,4,skirmisher,blue,,,,,5,,,,,
Maxen,RocketRaccoon,105,1390378,7,10,19,6,7,7,5,raider,purple,5,,,13,,3,3,3,3,3
Maxen,Korath,1,476,5,5,1,1,1,,,,,,,,,,,,,,
Maxen,SheHulk,90,411192,7,7,17,6,7,6,5,skirmisher,purple,7,,8,,10,,,,,
Maxen,Gamora,80,177464,7,8,15,6,6,6,5,striker,blue,8,,,,,3,3,3,3,3
Maxen,WhiteTiger,1,799,7,9,1,1,1,,,,,,,,,,,,,,
Maxen,Hela,80,233104,7,7,15,6,6,7,5,fortifier,blue,8,8,4,3,,3,3,3,3,3
Maxen,Cloak,85,230507,7,8,16,6,7,7,5,striker,blue,8,,,,8,3,3,3,3,3
Maxen,Venom,80,280968,7,11,15,7,6,7,5,striker,blue,9,,,,,4,4,4,4,4
Maxen,Iceman,65,89386,7,8,12,6,6,6,4,raider,,,,,4,4,4,4,4,5,4
Maxen,Longshot,75,121882,7,7,14,6,6,6,5,raider,blue,,,,5,,,,,,
Maxen,ScarletWitch,95,641872,7,8,18,7,7,7,4,skirmisher,purple,,,,5,13,3,3,3,3,3
Maxen,KreeDmg_Offense,45,26287,7,7,8,5,4,,3,striker,,1,,,,,1,1,1,1,2
Maxen,Bishop,70,103205,7,7,13,6,6,7,4,striker,,5,,,1,,5,5,5,5,5
Maxen,IronFist,100,1027578,7,10,19,6,7,6,5,healer,purple,13,13,13,13,13,3,3,3,3,3
Maxen,WinterSoldier,85,232408,7,8,16,6,6,7,5,striker,blue,9,,,5,3,4,4,4,4,4
Maxen,HydraTank_Taunt,18,1332,3,3,3,2,2,,,fortifier,,,1,,,,1,1,1,1,1
Maxen,AimControl_Infect,1,670,7,7,1,1,1,,,,,,,,,,,,,,
Maxen,Mantis,1,734,7,8,1,1,1,,,,,,,,,,,,,,
Maxen,Dagger,85,221747,7,7,16,7,7,7,5,striker,blue,8,,,8,,3,3,3,3,3
Maxen,MariaHill,80,178531,7,7,15,7,7,7,5,healer,blue,,,7,,,2,2,2,2,2
Maxen,RedSkull,65,81163,7,8,12,6,6,6,4,skirmisher,,,1,1,,1,1,2,1,1,1
Maxen,Okoye,80,219928,7,10,15,7,6,7,5,skirmisher,blue,,,,,8,3,3,3,3,3
Maxen,SilverSamurai,1,1035,7,9,1,1,1,,,skirmisher,,,,,,4,4,4,4,4,4
Maxen,HandControl_HealBlock,1,381,4,4,1,1,1,,,,,,,,,,,,,,
Maxen,Mystique,1,736,7,8,1,1,1,,,,,,,,,,,,,,
Maxen,Storm,105,1338869,7,10,19,6,7,7,5,raider,purple,,,,13,,3,3,3,3,3
Maxen,EmmaFrost,105,1296220,7,10,19,6,7,7,4,healer,purple,5,5,13,5,5,3,3,3,3,3
Maxen,ProximaMidnight,20,5513,7,7,4,2,2,2,1,skirmisher,,,,,,1,1,1,1,1,1
Maxen,MoonKnight,95,624464,7,9,18,6,7,7,5,raider,purple,,,,13,,3,3,3,3,3
Maxen,NickFury,95,421815,7,10,18,6,6,7,5,raider,blue,,,,9,8,4,4,4,4,4
Maxen,HandSupport_Heal,1,381,4,4,1,1,1,,,,,,,,,,,,,,
Maxen,Karnak,1,477,5,5,1,1,1,,,,,,,,,,,,,,
Maxen,LadyDeathstrike,95,632051,7,8,18,6,7,6,5,striker,purple,13,6,6,6,6,3,3,3,3,3
Maxen,Falcon,100,835769,7,9,19,6,6,6,4,raider,purple,,,,13,,3,3,3,3,3
Maxen,BaronMordo,1,873,7,10,1,1,1,,,,,,,,,,,,,,
Maxen,Coulson,85,241866,7,8,16,6,7,7,5,striker,blue,9,,,,,4,4,4,4,4
Maxen,Sersi,90,354219,7,10,17,7,7,7,5,skirmisher,blue,,,,,9,4,4,4,4,4
Maxen,UltGreenGoblin,65,77725,7,7,12,6,6,6,4,striker,,1,,,,,1,1,1,1,1
Maxen,HumanTorch,100,1071412,7,10,19,6,7,6,5,striker,purple,13,13,13,13,13,3,3,3,3,3
Maxen,Pyro,1,476,5,5,1,1,1,,,,,,,,,,,,,,
Maxen,ElsaBloodstone,105,1558945,7,10,20,6,6,7,5,raider,purple,13,13,13,13,13,3,3,3,3,3
Maxen,Ultron,80,148568,7,5,15,6,7,7,5,raider,blue,8,,,8,,3,3,3,3,3
Maxen,AntiVenom,1,863,7,10,1,1,1,,,,,,,,,,,,,,
Maxen,Colossus,1,801,7,9,1,1,1,,,,,,,,,,,,,,
Maxen,HydraDmg_Single,65,40755,3,3,12,6,6,,4,skirmisher,,,1,,,4,4,4,4,4,4
Maxen,Thanos,105,1428771,7,10,19,6,6,6,5,skirmisher,purple,1,1,,1,13,3,3,3,3,3
Maxen,DoctorStrange,100,1010632,7,10,19,6,7,8,6,raider,purple,,,,13,10,3,3,3,3,3
Maxen,Crystal,75,153900,7,10,14,6,6,6,5,raider,blue,,,5,5,,,,,,
Maxen,NightNurse,1,734,7,8,1,1,1,,,,,,,,,,,,,,
Maxen,Ikaris,90,301252,7,8,17,7,7,7,5,striker,blue,9,,,,,4,4,4,4,4
Maxen,MistyKnight,1,855,7,9,1,1,1,,,skirmisher,,,,,,1,1,1,1,1,1
Maxen,Yellowjacket,65,119302,7,9,12,6,6,6,4,skirmisher,,,,,,1,1,1,1,1,1
Maxen,PhylaVell,80,206104,7,10,15,6,6,6,5,striker,blue,8,,,,,3,3,3,3,3
Maxen,Yondu,75,131240,7,8,14,6,7,6,4,striker,blue,5,,,,,,,,,
Maxen,Psylocke,90,299080,7,9,17,6,6,7,5,striker,purple,10,,,,,,,,,
Maxen,MultipleMan,75,118761,7,7,14,6,6,6,4,healer,blue,,,5,,,,,,,
Maxen,SymbioteSpiderMan,1,477,5,5,1,1,1,,,,,,,,,,,,,,
Maxen,HandDmg_Bonus,1,195,2,2,1,1,1,,,,,,,,,,,,,,
Maxen,RedGuardian,65,195154,7,11,12,6,6,6,4,healer,,,,3,,,3,3,3,3,3
Maxen,Graviton,1,671,7,7,1,1,1,,,,,,,,,,,,,,
Maxen,Juggernaut,105,1285406,7,10,19,7,7,7,5,raider,purple,13,,,13,,3,3,3,3,3
Maxen,Magik,105,1217349,7,10,19,6,6,6,4,striker,purple,13,13,13,13,13,3,3,3,3,3
Maxen,Negasonic,65,132890,7,9,12,6,6,6,4,raider,,5,5,5,5,5,5,5,5,5,5
Maxen,GhostRider,1,801,7,9,1,1,1,,,,,,,,,,,,,,
Maxen,Groot,105,1355895,7,10,19,6,7,7,5,healer,purple,,13,13,,,3,3,3,3,3
Maxen,Kingpin,85,196669,7,7,16,6,6,7,4,fortifier,blue,,8,,,,3,3,3,3,3
Maxen,ScientistSupreme,95,686536,7,9,18,6,7,7,5,skirmisher,purple,6,6,6,6,13,3,3,3,3,3
Maxen,Magneto,90,287603,7,9,17,6,6,6,4,striker,purple,10,,,,9,,,,,
Maxen,AimDmg_Speed,1,195,2,2,1,1,1,,,,,,,,,,,,,,
Maxen,ScarletSpider,80,210249,7,9,15,6,7,7,5,raider,blue,,,8,8,,3,3,3,3,3
Maxen,GhostSpider,95,524538,7,10,18,7,7,7,5,raider,purple,10,,,10,,,,,,
Maxen,Shuri,80,193900,7,9,15,6,7,6,5,healer,blue,,,8,,,3,3,3,3,3
Maxen,SpiderPunk,75,171492,7,9,14,7,7,7,5,raider,blue,,,,7,,2,2,2,2,2
Maxen,AimDmg_Offense,1,670,7,7,1,1,1,,,,,,,,,,,,,,
Maxen,SilverSurfer,95,680131,7,10,18,7,7,7,5,skirmisher,purple,,,,,10,,,,,
Maxen,Nobu,65,83129,7,8,12,6,6,6,4,striker,,1,,,,,1,1,1,1,1
Maxen,MrFantastic,95,406896,7,8,18,6,6,6,4,skirmisher,purple,,,,,13,3,3,3,3,3
Maxen,StarLord,105,1758904,7,10,20,6,8,8,5,skirmisher,purple,,,,,13,3,3,3,3,3
Maxen,CullObsidian,20,5487,7,7,4,2,2,2,1,striker,,1,,,,,1,1,1,1,1
Maxen,OmegaRed,80,333138,7,9,15,7,6,7,5,striker,blue,7,,,,,2,2,2,2,2
Maxen,KateBishop,1,572,6,6,1,1,1,,,,,,,,,,,,,,
Maxen,DoctorVoodoo,1,736,7,8,1,1,1,,,,,,,,,,,,,,
Maxen,Moondragon,95,639624,7,9,18,6,7,8,6,raider,purple,8,,10,10,,,,,,
Maxen,TChalla,80,175607,7,8,15,6,7,7,4,skirmisher,blue,5,,,,7,2,2,2,2,2
Maxen,HandDmg_Unbuff,1,195,2,2,1,1,1,,,,,,,,,,,,,,
Maxen,BlackBolt,100,794149,7,10,19,7,7,7,5,striker,purple,13,,,,,3,3,3,3,3
Maxen,StrangeSupreme,100,1235656,7,10,19,6,7,7,5,raider,purple,,8,,13,,3,3,3,3,3
Maxen,AimTank_Taunt,1,381,4,4,1,1,1,,,,,,,,,,,,,,
Maxen,DoctorOctopus,100,763840,7,10,19,6,7,7,5,healer,purple,,,13,,,3,3,3,3,3
Maxen,InvisibleWoman,100,1113639,7,10,19,6,7,7,4,skirmisher,purple,,,,,13,3,3,3,3,3
Maxen,Wong,90,288305,7,7,17,7,7,7,5,striker,purple,10,,5,5,,,,,,
Maxen,MorganLeFay,95,417094,7,6,18,7,8,7,6,striker,purple,10,,,,8,,,,,
Maxen,EbonyMaw,20,7229,7,10,4,2,2,2,1,skirmisher,,,,,,1,1,1,1,1,1
Maxen,MrSinister,1,799,7,9,1,1,1,,,,,,,,,,,,,,
Maxen,MadelynePryor,105,1379627,7,10,20,6,6,7,5,skirmisher,purple,,,,,13,3,3,3,3,3
Maxen,AimSupport_Heal,1,195,2,2,1,1,1,,,,,,,,,,,,,,
Maxen,Jubilee,110,1766298,7,9,19,6,6,6,4,skirmisher,purple,,,,,13,3,3,3,3,3
Maxen,Dazzler,90,271023,7,8,17,7,6,6,5,raider,purple,,3,,10,1,,,,,
Maxen,Fantomex,90,303127,7,10,17,6,6,6,5,raider,purple,,,,10,,,,,,
Maxen,NicoMinoru,1,803,7,9,1,1,1,,,,,,,,,,,,,,
Maxen,AdamWarlock,105,1675846,7,10,19,7,8,8,6,striker,purple,13,,,,5,3,3,3,3,3
Maxen,Gambit,95,512971,7,10,18,6,7,7,5,raider,purple,,,,10,,,,,,
Maxen,Doom,100,566811,7,5,19,7,7,7,5,striker,purple,13,,,9,5,3,3,3,3,3
Maxen,Sunfire,95,510382,7,10,18,6,7,7,5,striker,purple,13,6,6,6,6,3,3,3,3,3
Maxen,Morbius,1,737,7,8,1,1,1,,,,,,,,,,,,,,
Maxen,Echo,1,477,5,5,1,1,1,,,,,,,,,,,,,,
Maxen,Rogue,95,376675,7,5,18,8,7,7,6,skirmisher,purple,,8,,,10,,,,,
Maxen,JaneThor,1,478,5,5,1,1,1,,,,,,,,,,,,,,
Maxen,AgathaHarkness,95,662385,7,9,18,7,6,7,5,raider,purple,13,,,13,10,3,3,3,3,3
Maxen,Phoenix,105,1732748,7,10,20,7,7,7,5,striker,purple,13,,,,13,3,3,3,3,3
Maxen,Valkyrie,80,199678,7,9,15,6,7,7,5,raider,blue,8,,,8,,3,3,3,3,3
Maxen,SpiderWoman,1,480,5,5,1,1,1,,,,,,,,,,,,,,
Maxen,Deathlok,80,202518,7,9,15,6,7,7,4,raider,blue,,,,8,,3,3,3,3,3
Maxen,Ultimus,100,957823,7,10,19,7,7,7,4,striker,purple,13,,,,13,3,3,3,3,3
Maxen,VivVision,80,169648,7,7,15,6,6,7,5,raider,blue,4,,6,8,,3,3,3,3,3
Maxen,Hulkbuster,80,194771,7,8,15,6,7,7,5,striker,blue,8,,6,,,3,3,3,3,3
Maxen,AmadeusCho,100,1208335,7,10,19,6,7,7,4,striker,purple,13,8,13,,,3,3,3,3,3
Maxen,RedHulk,95,387142,7,5,18,7,8,7,6,raider,purple,8,,,10,,,,,,
Maxen,SpiderWeaver,90,371610,7,10,17,6,7,7,5,striker,purple,10,,,,,,,,,
Maxen,Abomination,90,321048,7,8,17,6,7,7,5,raider,purple,,,,10,,,,,,
Maxen,SpiderMan2099,85,217665,7,8,16,6,6,7,5,raider,blue,,,,8,5,3,3,3,3,3
Maxen,SpiderManNoir,95,430289,7,8,18,6,7,7,5,raider,purple,9,,,10,8,,,,,
Maxen,ZombieIronMan,75,110981,7,,14,6,6,6,4,skirmisher,blue,,,,,8,3,3,3,3,3
Maxen,ColleenWing,1,477,5,5,1,1,1,,,,,,,,,,,,,,
Maxen,BlackPantherBC,80,181246,7,7,15,6,7,7,5,striker,blue,8,,,,,3,3,3,3,3
Maxen,Nakia,1,478,5,5,1,1,1,,,,,,,,,,,,,,
Maxen,Nemesis,95,393508,7,8,18,6,7,6,5,striker,purple,10,,,,,,,,,
Maxen,DarkBeast,90,303354,7,9,17,7,6,7,4,skirmisher,purple,,,,,10,,,,,
Maxen,MrNegative,85,268572,7,9,16,6,7,7,5,striker,blue,8,,,,,3,3,3,3,3
Maxen,Archangel,95,363484,7,5,18,6,7,8,6,striker,purple,10,,,,,,,,,
Maxen,CaptainCarter,90,304408,7,8,17,6,7,7,5,healer,blue,5,5,9,5,5,4,4,4,4,4
Maxen,USAgent,80,263372,7,11,15,6,7,6,5,skirmisher,blue,,,,,9,4,4,4,4,4
Maxen,AgentVenom,85,332117,7,11,16,6,7,7,5,raider,blue,,,,9,,4,4,4,4,4
Maxen,Titania,80,217561,7,9,15,6,7,6,5,raider,blue,,,,10,,5,5,5,5,5
Maxen,AbsorbingMan,80,192546,7,8,15,6,7,7,5,fortifier,blue,8,9,,,,4,4,4,4,4
Maxen,KangTheConqueror,100,801456,7,10,19,7,7,7,5,striker,purple,13,,,8,,3,3,3,3,3
Maxen,Dormammu,95,397130,7,5,18,7,7,7,5,raider,purple,10,,,10,,,,,,
Maxen,Moonstone,80,174993,7,7,15,6,7,7,4,striker,blue,8,,,,,3,3,3,3,3
Maxen,CaptainAmericaWW2,80,194673,7,8,15,6,7,7,5,raider,blue,,,,9,8,4,4,4,4,4
Maxen,UnionJack,80,200436,7,9,15,6,6,7,5,raider,blue,5,,,9,,4,4,4,4,4
Maxen,BuckyBarnes,80,189311,7,8,15,6,7,6,5,striker,blue,9,,,,,4,4,4,4,4
Maxen,IronFistOrson,100,941347,7,9,19,6,6,7,5,raider,purple,13,13,13,13,13,3,3,3,3,3
Maxen,Quicksilver,95,540027,7,10,18,7,7,7,5,striker,purple,10,,,,,,,,,
Maxen,Apocalypse,105,1343423,7,10,20,8,8,8,6,striker,purple,14,,,,,4,4,4,4,4
Maxen,Firestar,80,194314,7,8,15,6,7,7,5,striker,blue,8,,,,5,3,3,3,3,3
Maxen,Nova,95,408435,7,5,18,8,8,7,6,striker,purple,10,,,,,,,,,
Maxen,Gwenpool,85,458812,7,10,16,6,7,7,5,skirmisher,blue,,,,8,9,4,4,4,4,4
Maxen,Cosmo,80,191955,7,8,15,6,7,7,5,skirmisher,blue,,,,,8,3,3,3,3,3
Maxen,StarLord_Annihilation,80,166895,7,7,15,7,6,6,5,skirmisher,blue,,,,1,8,3,3,3,3,3
Maxen,Korg,80,192582,7,8,15,6,7,7,5,striker,blue,8,,8,,,3,3,3,3,3
Maxen,Vahl,95,497163,7,8,18,7,7,7,5,striker,purple,10,,,,,,,,,
Maxen,Thor_InfinityWar,85,234201,7,8,16,6,7,7,4,raider,blue,,,,9,,4,4,4,4,4
Maxen,LokiTeen,80,187520,7,8,15,6,6,6,5,healer,blue,,,9,,,4,4,4,4,4
Maxen,BetaRayBill,85,246316,7,8,16,6,7,7,5,raider,blue,,,,9,,4,4,4,4,4
Maxen,Sylvie,80,333789,7,9,15,6,7,7,4,raider,blue,,,,9,,4,4,4,4,4
Maxen,SpiderManBigTime,65,86187,7,,12,6,6,6,4,skirmisher,,,,,,5,5,5,5,5,5
Maxen,KamalaKhan,95,499328,7,10,18,6,7,7,5,skirmisher,purple,9,,9,,10,,,,,
Maxen,Photon,95,426085,7,8,18,6,6,7,5,striker,purple,10,,,,,,,,,
Maxen,BlackCat,95,408545,7,5,18,8,7,8,6,striker,purple,10,,,,,,,,,
Maxen,GhostRiderRobbie,95,489427,7,9,18,7,7,7,5,raider,purple,10,,,10,,,,,,
Maxen,Ronin,80,208251,7,8,15,6,7,6,5,striker,blue,10,5,5,5,5,5,5,5,5,5
Maxen,Mockingbird,95,382057,7,8,18,6,7,7,4,healer,blue,5,5,9,5,5,4,4,4,4,4
Maxen,IronManInfinityWar,80,222923,7,9,15,6,7,7,5,striker,blue,9,,,,,4,4,4,4,4
Maxen,Darkhawk,85,255068,7,9,16,6,7,7,5,raider,blue,,,,9,,4,4,4,4,4
Maxen,ZombieJuggernaut,65,97155,7,4,12,6,6,6,4,striker,,5,,,,,5,5,5,5,5
Maxen,Tigra,95,369776,7,7,18,6,7,7,4,skirmisher,purple,5,5,5,5,10,,,,,
Maxen,IronheartMCU,80,216917,7,10,15,6,6,6,5,striker,blue,9,,,,,4,4,4,4,4
Maxen,GreenGoblinGlider,105,1087460,7,10,19,8,7,8,6,raider,purple,,,,13,,3,3,3,3,3
Maxen,KravenTheHunter,100,740687,7,10,19,6,7,7,5,raider,purple,,,,13,,3,3,3,3,3
Maxen,SpiderSlayer,100,691826,7,9,19,6,7,7,5,striker,purple,13,,,9,,3,3,3,3,3
Maxen,Lizard,100,766295,7,10,19,6,7,7,5,raider,purple,13,5,9,13,5,3,3,3,3,3
Maxen,Nightcrawler,100,817569,7,10,19,6,7,7,5,raider,purple,,,,13,,3,3,3,3,3
Maxen,Forge,95,399855,7,8,18,6,6,7,5,healer,purple,9,,10,,,,,,,
Maxen,SymbioteSilverSurfer,95,510444,7,10,18,6,7,6,5,raider,purple,9,,,10,,,,,,
Maxen,Gwenom,80,223030,7,9,15,6,7,6,5,striker,blue,10,,,,,5,5,5,5,5
Maxen,Sunspot,105,1351727,7,10,19,6,7,7,4,striker,purple,13,13,13,13,13,3,3,3,3,3
Maxen,BlackKnight,100,825780,7,10,19,6,7,7,5,fortifier,purple,10,13,,,,3,3,3,3,3
Maxen,RedGoblin,95,532160,7,10,18,6,7,7,5,raider,purple,9,,,13,,3,3,3,3,3
Maxen,StarBrand,90,294824,7,7,17,6,7,7,5,raider,purple,5,5,5,10,5,,,,,
Maxen,CosmicGhostRider,95,498243,7,9,18,6,7,7,5,striker,purple,10,,,,,,,,,
Maxen,IronPatriot,100,753416,7,10,19,7,7,6,5,striker,purple,13,10,5,9,10,3,3,3,3,3
Maxen,TheLeader,100,842032,7,10,19,7,7,7,5,striker,purple,13,5,10,5,5,3,3,3,3,3
Maxen,OldManLogan,105,1178879,7,10,19,8,8,8,5,striker,purple,13,5,5,5,5,3,3,3,3,3
Maxen,PandaPool,95,588612,7,11,18,6,7,7,4,skirmisher,purple,,,,,10,,,,,
Maxen,SuperSkrull,105,1178304,7,10,19,7,7,7,5,raider,purple,13,,,13,,3,3,3,3,3
Maxen,Guardian,95,507641,7,9,18,6,6,6,5,striker,purple,13,6,6,6,6,3,3,3,3,3
Maxen,Daken,105,1242660,7,11,20,6,6,7,5,raider,purple,13,13,13,13,13,3,3,3,3,3
Maxen,SpiderManPavitr,95,544573,7,10,18,6,6,7,5,striker,purple,13,,,,,3,3,3,3,3
Maxen,PeterBParker,100,819538,7,10,19,6,7,7,5,healer,purple,,,13,,,3,3,3,3,3
Maxen,PeniParker,100,773196,7,9,19,7,7,7,5,striker,purple,13,,,,,3,3,3,3,3
Maxen,Gladiator,105,1507864,7,10,20,6,7,7,5,fortifier,purple,,13,,,13,3,3,3,3,3
Maxen,Sasquatch,95,483072,7,9,18,6,7,7,5,skirmisher,purple,6,6,6,6,13,3,3,3,3,3
Maxen,HankPym,100,849087,7,10,19,7,7,7,5,striker,purple,13,5,5,5,5,3,3,3,3,3
Maxen,Northstar,95,460004,7,8,18,6,6,7,5,raider,purple,6,6,6,13,6,3,3,3,3,3
Maxen,Gorr,105,1459905,7,10,20,6,7,7,5,raider,purple,,,,13,,3,3,3,3,3
Maxen,BlackPantherShuri,100,794599,7,10,19,6,7,7,5,raider,purple,5,5,5,13,5,3,3,3,3,3
Maxen,Ares,95,501645,6,6,18,8,8,7,6,striker,purple,10,,,,,,,,,
Maxen,ThanosEndgame,105,1542053,7,10,20,6,7,7,5,raider,purple,13,5,5,13,5,3,3,3,3,3
Maxen,Sentinel,95,744220,7,10,18,7,7,7,5,striker,purple,13,6,6,6,6,3,3,3,3,3
Maxen,Blade,105,1663275,7,10,20,8,8,8,6,raider,purple,13,,,13,,3,3,3,3,3
Maxen,Nimrod,95,728115,7,10,18,6,7,7,4,raider,purple,6,6,6,13,6,3,3,3,3,3
Maxen,CaptainBritain,100,787898,7,10,19,8,8,8,6,striker,purple,13,13,,,,3,3,3,3,3
Maxen,OmegaSentinel,95,727467,7,10,18,6,7,7,4,skirmisher,purple,6,6,6,6,13,3,3,3,3,3
Maxen,ZombieScarletWitch,1,176,5,,1,1,1,,,,,,,,,,,,,,
Maxen,Oath,105,1358090,7,10,19,6,7,6,5,raider,purple,13,,,13,,3,3,3,3,3
Maxen,ManThing,95,692496,7,10,18,6,7,7,5,fortifier,purple,13,13,,,,3,3,3,3,3
Maxen,ShadowKing,100,1021006,7,9,19,6,8,7,5,raider,purple,5,5,5,13,5,3,3,3,3,3
Maxen,AncientOne,95,660664,7,9,18,6,8,7,6,raider,purple,,,,10,,,,,,
Maxen,EmmaFrostXMen,100,1096834,7,10,19,6,8,7,6,raider,purple,,,,13,,3,3,3,3,3
Maxen,MsMarvelClassic,75,135565,4,4,14,6,6,6,4,striker,blue,10,,,,,5,5,5,5,5
Maxen,Kahhori,100,1114937,7,10,19,6,7,7,5,raider,purple,,,,13,10,3,3,3,3,3
Maxen,Mephisto,105,1790731,7,10,20,7,7,7,5,striker,purple,13,,,,,3,3,3,3,3
Maxen,JeanGrey,105,1392086,7,10,19,6,7,7,5,raider,purple,,,,13,,3,3,3,3,3
Maxen,Medusa,1,814,7,9,1,1,1,,,,,,,,,,,,,,
Maxen,Hercules,100,1184099,7,10,19,6,7,7,5,striker,purple,13,,,13,,3,3,3,3,3
Maxen,OmegaRedPhoenix,105,1129128,5,4,20,8,7,7,6,raider,purple,13,,,13,,3,3,3,3,3
Maxen,Odin,105,1573308,7,6,20,7,7,7,5,raider,purple,,,,13,,3,3,3,3,3
Maxen,PeggyCarter,1,487,5,5,1,1,1,,,,,,,,,,,,,,
Maxen,Lilandra,105,1634097,7,10,20,6,7,7,5,raider,purple,,,,13,,3,3,3,3,3
Maxen,FalconJoaquin,1,391,4,4,1,1,1,,,,,,,,,,,,,,
Maxen,Patriot,1,391,4,4,1,1,1,,,,,,,,,,,,,,
Maxen,HowardTheDuck,105,1647558,7,10,20,7,7,7,5,striker,purple,13,,,,,3,3,3,3,3
Maxen,Knull,105,1592900,7,10,19,7,7,7,5,raider,purple,5,5,5,13,5,3,3,3,3,3
Maxen,Havok,105,1506185,7,10,19,6,7,7,5,raider,purple,13,,,13,,3,3,3,3,3
Maxen,DaredevilModern,105,1660371,7,10,20,7,7,7,5,striker,purple,13,13,13,,,3,3,3,3,3
Maxen,SilverSable,105,1680785,7,10,20,7,7,7,5,striker,purple,13,,,,,3,3,3,3,3
Maxen,HitMonkey,105,1628657,7,10,20,6,7,7,5,striker,purple,13,,,,,3,3,3,3,3
Maxen,Quasar,105,1569512,7,7,20,8,7,7,5,striker,purple,15,5,5,5,5,5,5,5,5,5
Maxen,VictoriaHand,105,1961770,7,12,19,7,7,7,5,skirmisher,purple,,,13,,13,3,3,3,3,3
Maxen,Songbird,105,1800987,7,11,19,6,6,7,5,raider,purple,13,,,13,13,3,3,3,3,3
Maxen,Hellverine,105,1475709,7,10,19,6,7,7,5,raider,purple,,,,13,,3,3,3,3,3
Maxen,Hyperion,105,1935601,7,12,19,6,6,7,5,fortifier,purple,13,13,,,13,3,3,3,3,3
Maxen,Satana,105,1491875,7,10,19,7,7,7,5,striker,purple,13,,,,,3,3,3,3,3
Maxen,TheHood,105,1507673,7,10,19,7,7,7,5,raider,purple,,,,13,,3,3,3,3,3
Maxen,InvisibleWomanMCU,105,2043507,7,10,20,6,7,7,5,raider,purple,,,,15,,5,5,5,5,5
Maxen,MrFantasticMCU,105,1754326,7,10,20,6,7,7,5,fortifier,purple,,14,,,,4,4,4,4,4
Maxen,FranklinRichards,105,2012868,7,10,20,7,7,7,5,striker,purple,15,,,,,5,5,5,5,5
Maxen,Blastaar,105,1689668,7,7,20,7,7,7,5,striker,purple,15,5,5,5,5,5,5,5,5,5
Maxen,Azazel,105,1445151,7,10,19,6,7,7,5,raider,purple,,13,,13,,3,3,3,3,3
Maxen,RachelSummers,105,1485395,7,9,20,6,7,7,5,raider,purple,,,,13,,3,3,3,3,3
Maxen,SebastianShaw,105,1625384,7,10,20,6,7,7,5,striker,purple,13,,,,,3,3,3,3,3
Maxen,Scorpion,105,1502487,7,10,20,7,6,7,5,striker,purple,13,,,,,3,3,3,3,3
Maxen,Hobgoblin,105,1599642,7,10,20,6,7,7,5,raider,purple,,,,13,,3,3,3,3,3
Maxen,SuperiorSpiderMan,105,1637896,7,10,20,6,7,7,5,healer,purple,,,13,,,3,3,3,3,3
Maxen,DaimonHellstrom,110,2311478,7,10,20,6,7,7,5,raider,purple,,,,14,,4,4,4,4,4
Maxen,PhantomRider,1,297,3,3,1,1,1,,,,,,,,,,,,,,
Maxen,LivingMummy,105,1645071,7,10,20,6,7,7,5,striker,purple,13,,,,,3,3,3,3,3
Maxen,Thunderstrike,105,1566528,7,7,20,7,7,7,5,raider,purple,,,,13,,3,3,3,3,3
Maxen,LadyBullseye,100,656675,5,5,19,6,6,6,5,raider,purple,13,13,13,13,13,3,3,3,3,3
Maxen,Cannonball,105,840257,4,4,19,6,7,7,5,raider,purple,13,13,13,13,13,3,3,3,3,3
Maxen,MagnetoPhoenixForce,105,1180307,4,4,20,7,7,7,5,striker,purple,13,,,,,3,3,3,3,3
Maxen,Warlock,105,1156406,6,6,20,6,7,7,5,raider,purple,13,13,13,13,13,3,3,3,3,3
Maxen,Hellcat,105,1135599,6,6,20,6,7,7,4,striker,purple,13,13,13,13,13,3,3,3,3,3
Maxen,MoonGirl,100,698663,4,4,19,6,7,7,4,striker,purple,13,,,,,3,3,3,3,3
Maxen,Wolfsbane,105,1028141,6,6,19,6,7,7,5,striker,purple,13,13,13,13,13,3,3,3,3,3
Maxen,NovaSamAlexander,105,1024194,5,5,19,6,7,7,5,striker,purple,13,,,,,3,3,3,3,3
Maxen,Darkstar,1,300,3,3,1,1,1,,,,,,,,,,,,,,
Maxen,UrsaMajor,1,299,3,3,1,1,1,,,,,,,,,,,,,,
Maxen,NightThrasher,105,1375888,6,6,20,6,7,7,5,raider,purple,,,,13,,3,3,3,3,3
Maxen,Xavier,105,1613408,7,6,20,7,7,7,5,striker,purple,14,,,13,,4,4,4,4,4
Maxen,Eclipse,105,1121292,4,4,20,6,7,7,5,raider,purple,,,,13,,3,3,3,3,3
Maxen,Sentry,105,1283651,6,6,20,7,7,7,5,raider,purple,,,,13,,3,3,3,3,3
Maxen,SteelSerpent,100,598792,5,5,19,6,6,6,4,skirmisher,purple,13,13,13,13,13,3,3,3,3,3
Maxen,SwordMaster,100,709902,6,6,19,6,6,6,5,striker,purple,13,13,13,13,13,3,3,3,3,3
Maxen,Speedball,105,1323540,6,6,20,6,7,7,5,striker,purple,13,,,,,3,3,3,3,3
Maxen,ZombieKestrel,1,81,2,,1,1,1,,,,,,,,,,,,,,
Maxen,JeffTheLandShark,1,146,4,,1,1,1,,,,,,,,,,,,,,
Nykaula,ShieldSupport_Heal,18,4979,7,10,4,2,2,,1,healer,,,,1,,,1,2,1,1,1
Nykaula,SpiderMan,105,734907,7,8,20,6,6,6,4,fortifier,purple,13,13,13,13,13,3,3,3,3,3
Nykaula,LukeCage,54,58202,7,9,10,5,5,5,4,fortifier,,,2,,,,2,2,2,2,2
Nykaula,Deadpool,110,2165055,7,10,20,6,6,6,5,raider,purple,13,13,13,13,13,3,3,3,3,3
Nykaula,ShieldDmg_Defense,28,5372,5,4,5,3,3,,1,,,,,,,,,,,,
Nykaula,Punisher,105,1589488,7,10,20,6,7,7,5,raider,purple,,,,13,,3,3,3,3,3
Nykaula,Elektra,101,1045371,7,9,19,6,7,7,5,striker,purple,13,,,10,13,3,3,3,3,3
Nykaula,ShieldDmg_AoE,28,6036,5,5,5,3,3,,1,,,,,,,,,,,,
Nykaula,Crossbones,28,10096,7,8,5,3,3,2,1,,,,,,,,,,,,
Nykaula,Kingpin,48,40688,7,8,9,5,5,4,3,,,,,,,,,,,,
Nykaula,Hela,85,374476,7,10,16,6,6,6,4,raider,purple,,,,10,10,,,,,
Nykaula,Venom,85,365324,7,11,16,7,7,7,5,striker,purple,10,3,,,,,,,,
Nykaula,Hawkeye,54,48087,7,7,10,5,5,5,4,,,,,,,,,,,,
Nykaula,Hulk,60,88749,7,9,11,6,6,6,4,fortifier,,,4,,,,4,4,4,4,4
Nykaula,BlackWidow,54,122507,7,11,10,5,5,5,4,raider,,,,,5,,5,5,5,5,5
Nykaula,Shocker,105,1556798,7,10,20,6,7,7,5,raider,purple,,,,13,,3,3,3,3,3
Nykaula,IronMan,100,494398,7,7,19,6,6,6,4,raider,purple,5,,,10,,,,,,
Nykaula,CaptainAmerica,105,840424,7,8,20,6,6,6,4,fortifier,purple,13,13,13,13,13,3,3,3,3,3
Nykaula,Loki,80,157918,7,7,15,6,6,6,4,raider,blue,,,,7,,2,2,2,2,2
Nykaula,Cyclops,85,302910,7,11,16,6,6,6,4,raider,blue,2,,2,9,,4,4,4,4,4
Nykaula,Carnage,95,513349,7,10,18,6,6,7,5,raider,purple,3,,,13,1,3,3,3,3,3
Nykaula,AntiVenom,55,44820,7,5,10,6,5,5,4,healer,,,,1,,,1,1,1,2,1
Nykaula,DoctorOctopus,95,436019,7,9,18,6,7,6,4,healer,purple,,3,10,,,,,,,
Nykaula,Deathpool,98,579789,7,9,18,7,7,7,5,striker,purple,10,,3,,,,,,,
Nykaula,Thing,105,1323236,7,10,19,6,7,7,5,raider,purple,8,,,13,,3,3,3,3,3
Nykaula,Coulson,95,400491,7,9,18,6,6,6,4,striker,purple,10,,,4,,,,,,
Nykaula,Mockingbird,95,387772,7,8,18,6,6,7,4,healer,purple,5,5,10,5,5,,,,,
Nykaula,CaptainCarter,100,596795,7,9,19,6,6,6,4,raider,purple,5,5,10,10,5,,,,,
Nykaula,Mantis,28,10280,7,9,5,3,3,2,1,,,,,,,,,,,,
Nykaula,ScarletWitch,90,408753,7,8,17,6,6,6,4,striker,purple,13,,,,,3,3,3,3,3
Nykaula,Vision,90,444608,7,8,17,6,6,7,5,raider,purple,,,,13,,3,3,3,3,3
Nykaula,AgentVenom,48,75298,7,12,9,5,5,4,3,raider,,,,,5,,5,5,5,5,5
Nykaula,Mysterio,54,60792,7,9,10,5,5,5,4,raider,,,,,1,,2,2,2,1,2
Nykaula,Thor,60,78328,7,8,11,6,6,6,4,striker,,3,,,3,,3,3,3,3,3
Nykaula,Cable,70,141455,7,9,13,6,6,6,4,raider,,,,,5,,5,5,5,5,5
Nykaula,Gwenom,90,531296,7,12,17,7,7,7,5,striker,purple,10,,,1,,,,,,
Nykaula,WinterSoldier,30,25289,7,12,6,3,3,3,1,raider,,,,,5,,5,5,5,5,5
Nykaula,Nightcrawler,100,817569,7,10,19,6,7,7,5,raider,purple,,,,13,,3,3,3,3,3
Nykaula,Rhino,48,40933,7,8,9,5,5,4,3,,,,,,,,,,,,
Nykaula,Scream,50,63099,7,11,9,5,5,5,3,,,,,,,,,,,,
Nykaula,DoctorStrange,95,741088,7,10,18,7,7,8,6,raider,purple,,,11,13,7,3,3,3,3,3
Nykaula,AmericaChavez,30,11071,7,6,6,3,3,3,1,,,,,,,,,,,,
Nykaula,StarLord,100,1216719,7,10,19,6,8,8,5,skirmisher,purple,,,,,13,3,3,3,3,3
Nykaula,GhostRider,48,40465,7,8,9,5,5,4,3,,,,,,,,,,,,
Nykaula,Gambit,90,354373,7,9,17,7,7,7,5,raider,purple,,,,10,,,,,,
Nykaula,KamalaKhan,95,349723,7,8,18,6,6,6,4,skirmisher,blue,,,,,8,3,3,3,3,3
Nykaula,Daredevil,42,38923,7,9,8,4,4,4,2,,,,,,,,,,,,
Nykaula,IronFist,105,1612991,7,10,20,6,7,7,5,healer,purple,,,14,,,4,4,4,4,4
Nykaula,Domino,95,566420,7,8,18,6,6,6,4,fortifier,purple,12,12,12,12,12,2,2,2,2,2
Nykaula,Wolverine,105,1822482,7,10,20,6,6,7,5,raider,purple,13,13,13,13,13,3,3,3,3,3
Nykaula,BlackPanther,36,20424,7,9,7,4,3,3,2,,,,,,,,,,,,
Nykaula,Ikaris,85,290462,7,10,16,7,6,7,4,striker,purple,10,,,,,,,,,
Nykaula,Groot,100,798218,7,10,18,6,6,6,5,fortifier,purple,,10,10,,,,,,,
Nykaula,SpiderWeaver,65,111364,7,9,12,6,6,6,5,skirmisher,,,,2,,5,5,5,5,5,5
Nykaula,Sersi,85,261987,7,9,16,6,6,7,4,skirmisher,purple,,9,3,1,10,,,,,
Nykaula,SharonCarter,1,673,7,7,1,1,1,,,,,,,,,,,,,,
Nykaula,Yondu,36,14079,6,6,7,4,3,3,2,,,,,,,,,,,,
Nykaula,SpiderSlayer,98,485177,7,9,18,6,6,6,4,raider,purple,9,,,10,,,,,,
Nykaula,NickFury,80,145855,7,7,15,6,6,6,4,raider,blue,2,2,,5,,,,,,
Nykaula,MoonKnight,100,698927,7,9,19,6,6,6,4,striker,purple,10,,,10,,,,,,
Nykaula,Shuri,36,20626,7,9,7,4,3,3,2,,,,,,,,,,,,
Nykaula,Namor,100,731579,7,10,19,7,6,7,5,raider,purple,8,,,13,,3,3,3,3,3
Nykaula,Electro,54,59486,7,9,10,5,5,5,4,,,,,,,,,,,,
Nykaula,Vulture,105,1597642,7,10,20,7,7,6,5,raider,purple,,,,13,,3,3,3,3,3
Nykaula,Lizard,98,557955,7,9,18,6,6,7,4,fortifier,purple,9,13,5,5,5,3,3,3,3,3
Nykaula,Polaris,70,167339,7,10,13,6,6,6,4,raider,,,,,5,,5,5,5,5,5
Nykaula,AdamWarlock,100,1307132,7,10,19,7,8,7,5,striker,purple,13,,,,,3,3,3,3,3
Nykaula,BaronMordo,100,951918,7,10,19,6,6,6,4,skirmisher,purple,13,13,13,13,13,3,3,3,3,3
Nykaula,Phoenix,100,1155617,7,10,19,6,7,7,5,skirmisher,purple,,,10,,13,3,3,3,3,3
Nykaula,StarLord_Annihilation,54,86156,7,11,10,5,5,5,4,raider,,,,,5,,5,5,5,5,5
Nykaula,Magneto,80,160947,7,8,15,6,6,6,4,raider,blue,,,,5,,,,,,
Nykaula,Bullseye,1,572,6,6,1,1,1,,,,,,,,,,,,,,
Nykaula,MultipleMan,1,572,6,6,1,1,1,,,,,,,,,,,,,,
Nykaula,Taskmaster,95,863181,7,11,18,6,6,7,4,raider,purple,,,,13,,3,3,3,3,3
Nykaula,Moondragon,95,654295,7,8,18,7,7,8,6,healer,purple,,,13,,,3,3,3,3,3
Nykaula,JessicaJones,42,34688,7,8,8,4,4,4,2,,,,,,,,,,,,
Nykaula,InvisibleWoman,100,1142446,7,10,19,6,7,7,5,healer,purple,,,13,,,3,3,3,3,3
Nykaula,UltGreenGoblin,48,35791,7,7,9,5,5,4,3,,,,,,,,,,,,
Nykaula,MariaHill,54,55533,7,8,10,5,5,5,4,,,,,,,,,,,,
Nykaula,MistyKnight,54,52527,7,7,10,5,5,5,4,striker,,2,,,,,2,2,2,2,2
Nykaula,WhiteTiger,42,26882,7,8,8,4,4,4,2,,,,,,,,,,,,
Nykaula,ProximaMidnight,80,182430,7,9,15,6,6,6,4,skirmisher,blue,,,,,8,3,3,3,3,3
Nykaula,HumanTorch,105,1641074,7,10,20,7,7,6,5,skirmisher,purple,,,,5,14,4,4,4,4,4
Nykaula,MrFantastic,100,571489,7,9,19,6,6,6,5,skirmisher,purple,,,,9,10,,,,,
Nykaula,KangTheConqueror,105,1103244,7,10,20,6,7,7,5,striker,purple,13,13,,,,3,3,3,3,3
Nykaula,Yellowjacket,48,60972,7,8,9,5,5,4,3,striker,,5,,,,,5,5,5,5,5
Nykaula,MsMarvel,100,1069290,7,10,19,7,6,6,5,skirmisher,purple,,,,,13,3,3,3,3,3
Nykaula,Jubilee,70,152004,7,7,13,6,6,6,4,raider,,,,,4,,4,4,4,4,4
Nykaula,Bishop,80,143457,7,7,15,6,6,6,4,striker,blue,5,,,,,,,,,
Nykaula,Killmonger,42,30510,7,7,8,4,4,4,2,striker,,5,,,,,5,5,5,5,5
Nykaula,Sunspot,105,2023958,7,12,20,6,7,6,4,striker,purple,14,,,10,2,4,4,4,4,4
Nykaula,RedGoblin,100,766564,7,10,19,7,7,7,5,raider,purple,,,3,13,,3,3,3,3,3
Nykaula,Rescue,80,205648,7,8,15,6,6,7,4,healer,blue,,,10,,,5,5,5,5,5
Nykaula,Toad,80,173215,7,10,15,6,6,6,4,skirmisher,blue,,,,,5,,,,,
Nykaula,UltSpiderMan,100,1159334,7,10,19,6,6,6,4,raider,purple,,,,13,,3,3,3,3,3
Nykaula,AntMan,54,74252,7,8,10,5,5,5,4,skirmisher,,,,,,5,5,5,5,5,5
Nykaula,VivVision,48,39989,7,8,9,5,5,4,3,,,,,,,,,,,,
Nykaula,Firestar,65,104295,7,9,12,6,6,6,4,raider,,,,,3,,3,3,3,3,3
Nykaula,Okoye,36,20332,7,9,7,4,3,3,2,,,,,,,,,,,,
Nykaula,Quake,100,965708,7,10,19,6,6,6,4,striker,purple,12,12,12,12,12,2,2,2,2,2
Nykaula,MBaku,36,18723,7,8,7,4,3,3,2,,,,,,,,,,,,
Nykaula,Drax,1,733,7,8,1,1,1,,,,,,,,,,,,,,
Nykaula,Gamora,80,231335,7,11,15,6,6,6,4,striker,blue,5,,,,,,,,,
Nykaula,Korath,1,671,7,7,1,1,1,,,,,,,,,,,,,,
Nykaula,OmegaRed,105,1880637,7,10,20,6,6,6,5,striker,purple,14,,,,,4,4,4,4,4
Nykaula,Thanos,95,766811,7,9,18,7,6,7,4,striker,purple,13,,,6,,3,3,3,3,3
Nykaula,Tigra,95,422875,7,10,18,6,6,6,4,skirmisher,purple,8,5,5,5,10,,,,,
Nykaula,Negasonic,95,606100,7,9,18,6,6,7,4,striker,purple,12,12,12,12,12,2,2,2,2,2
Nykaula,WarMachine,60,114096,7,8,11,6,6,6,4,raider,,,,,5,,5,5,5,5,5
Nykaula,Zemo,1,734,7,8,1,1,1,,,,,,,,,,,,,,
Nykaula,Vahl,90,338943,7,8,17,7,6,7,4,striker,purple,10,,,,,,,,,
Nykaula,Cloak,80,182477,7,9,15,6,6,6,4,raider,blue,,,,8,2,3,3,3,3,3
Nykaula,Shatterstar,1,672,7,7,1,1,1,,,,,,,,,,,,,,
Nykaula,MrNegative,48,39322,7,7,9,5,5,4,3,,,,,,,,,,,,
Nykaula,YoYo,105,1383309,7,10,19,6,7,6,4,raider,purple,13,12,12,13,12,3,3,3,3,3
Nykaula,ShangChi,60,72633,7,7,11,6,6,6,4,raider,,1,,,2,,2,2,2,2,2
Nykaula,Sybil,90,470314,7,12,17,6,6,6,5,striker,purple,10,,,,,,,,,
Nykaula,KravenTheHunter,98,531525,7,9,18,6,6,6,5,striker,purple,13,,,10,,3,3,3,3,3
Nykaula,Sunfire,100,591512,7,8,19,6,7,6,5,striker,purple,13,,,,,3,3,3,3,3
Nykaula,ElsaBloodstone,105,1590719,7,10,20,7,7,6,5,raider,purple,,,,13,,3,3,3,3,3
Nykaula,Ironheart,100,724645,7,9,18,6,6,6,4,raider,purple,,,,10,,,,,,
Nykaula,Storm,105,1627622,7,11,19,7,7,7,5,raider,purple,,,,13,,3,3,3,3,3
Nykaula,NicoMinoru,1,739,7,8,1,1,1,,,,,,,,,,,,,,
Nykaula,IronheartMCU,80,178470,7,8,15,6,6,6,4,striker,blue,8,,,,,3,3,3,3,3
Nykaula,JaneThor,48,37318,7,7,9,5,5,4,3,,,,,,,,,,,,
Nykaula,BlackBolt,100,663689,7,10,19,6,6,6,5,striker,purple,10,,,5,,,,,,
Nykaula,Ronan,1,671,7,7,1,1,1,,,,,,,,,,,,,,
Nykaula,NightNurse,36,18063,7,8,7,4,3,3,2,,,,,,,,,,,,
Nykaula,CullObsidian,80,180368,7,8,15,6,6,6,4,striker,blue,9,,,,,4,4,4,4,4
Nykaula,ColleenWing,54,50025,7,7,10,5,5,5,4,raider,,,,,1,,1,1,1,1,1
Nykaula,X23,54,56961,7,8,10,5,5,5,4,,,,,,,,,,,,
Nykaula,RocketRaccoon,100,838168,7,9,19,6,6,6,4,raider,purple,,,,10,5,,,,,
Nykaula,Stature,54,61138,7,9,10,5,5,5,4,fortifier,,,4,,,,4,4,4,4,4
Nykaula,SymbioteSilverSurfer,100,978131,7,11,19,7,7,7,5,raider,purple,,,,13,,3,3,3,3,3
Nykaula,KittyPryde,80,148190,7,7,15,6,6,6,4,skirmisher,blue,,,,,5,,,,,
Nykaula,EbonyMaw,80,197689,7,10,15,6,6,6,5,healer,,,,4,,,4,4,4,5,4
Nykaula,Thor_InfinityWar,85,235961,7,8,16,6,7,6,4,striker,purple,10,,,,,,,,,
Nykaula,IronManInfinityWar,80,195474,7,9,15,6,6,6,4,striker,blue,8,2,,,,3,3,3,3,3
Nykaula,EmmaFrost,105,1439228,7,10,20,6,7,7,4,healer,purple,5,10,13,5,5,3,3,3,3,3
Nykaula,Korg,75,143042,7,7,14,6,6,6,4,fortifier,blue,,10,,,,5,5,5,5,5
Nykaula,Dagger,70,99473,7,7,13,6,6,6,4,striker,,3,,,,,3,3,3,4,3
Nykaula,GhostSpider,95,433779,7,8,18,6,6,6,4,raider,purple,,,,13,,3,3,3,3,3
Nykaula,ZombieIronMan,75,148158,7,2,14,6,7,6,5,striker,blue,10,,,10,,5,5,5,5,5
Nykaula,SpiderManNoir,100,617610,7,9,19,6,6,6,4,raider,purple,2,,,13,,3,3,3,3,3
Nykaula,Nobu,48,46609,7,10,9,5,5,4,3,,,,,,,,,,,,
Nykaula,SpiderMan2099,54,55523,7,7,10,5,5,5,4,raider,,,,,5,,5,5,5,5,5
Nykaula,Hulkbuster,49,32756,6,6,9,5,5,4,3,,,,,,,,,,,,
Nykaula,Gwenpool,110,2373369,7,10,20,6,6,7,5,striker,purple,13,10,,,,3,3,3,3,3
Nykaula,SpiderManBigTime,54,59762,7,2,10,5,5,5,4,raider,,,,,5,,5,5,5,5,5
Nykaula,GhostRiderRobbie,95,374056,7,7,18,6,6,6,4,raider,purple,,,,10,,,,,,
Nykaula,Nebula,80,165986,7,9,15,6,6,6,4,skirmisher,blue,,,,,5,,,,,
Nykaula,Colossus,80,180341,7,9,15,6,6,6,4,fortifier,blue,,5,,,,,,,,
Nykaula,AmadeusCho,100,1156658,7,10,19,6,7,6,4,striker,purple,13,3,5,,,3,3,3,3,3
Nykaula,SheHulk,110,1807408,7,10,19,6,6,6,4,fortifier,purple,,13,,,,3,3,3,3,3
Nykaula,TheLeader,100,842032,7,10,19,7,7,7,5,striker,purple,13,5,8,5,5,3,3,3,3,3
Nykaula,HandDmg_Unbuff,1,476,5,5,1,1,1,,,,,,,,,,,,,,
Nykaula,HandControl_HealBlock,1,414,5,4,1,1,1,,,,,,,,,,,,,,
Nykaula,HandSupport_Heal,1,476,5,5,1,1,1,,,,,,,,,,,,,,
Nykaula,HandTank_Stealth,1,476,5,5,1,1,1,,,,,,,,,,,,,,
Nykaula,HandDmg_Bonus,1,351,5,3,1,1,1,,,,,,,,,,,,,,
Nykaula,Stryfe,54,54714,7,7,10,5,5,5,4,fortifier,,,4,,,,4,4,4,4,4
Nykaula,Ghost,95,810210,7,11,18,6,6,7,4,raider,purple,12,,5,13,,3,3,3,3,3
Nykaula,Wasp,100,773851,7,9,19,6,6,6,4,raider,purple,,,,10,,,,,,
Nykaula,Deathlok,48,42355,7,8,9,5,5,4,3,,,,,,,,,,,,
Nykaula,SilverSurfer,100,739379,7,9,18,7,6,6,4,striker,purple,10,,,,8,,,,,
Nykaula,Juggernaut,100,906899,7,10,19,6,7,6,5,fortifier,purple,13,13,13,13,13,3,3,3,3,3
Nykaula,ZombieJuggernaut,105,1085668,7,4,20,6,7,6,5,striker,purple,13,13,,,,3,3,3,3,3
Nykaula,ShieldSupport_Stealth,1,352,5,3,1,1,1,,,,,,,,,,,,,,
Nykaula,RavagerSupport_Heal,1,476,5,5,1,1,1,,,,,,,,,,,,,,
Nykaula,ShieldTank_Stun,1,477,5,5,1,1,1,,,,,,,,,,,,,,
Nykaula,Sif,1,799,7,9,1,1,1,,,,,,,,,,,,,,
Nykaula,Sabretooth,80,152578,7,7,15,6,6,6,4,striker,blue,5,,,,,,,,,
Nykaula,CosmicGhostRider,100,607696,7,9,19,6,6,6,4,striker,purple,10,,,,,,,,,
Nykaula,Crystal,1,672,7,7,1,1,1,,,,,,,,,,,,,,
Nykaula,LokiTeen,60,78357,7,7,11,6,6,6,4,healer,,,,5,,,5,5,5,5,5
Nykaula,RavagerDmg_AoE,1,476,5,5,1,1,1,,,,,,,,,,,,,,
Nykaula,RavagerTank_Taunt,1,477,5,5,1,1,1,,,,,,,,,,,,,,
Nykaula,SamWilson,80,245515,7,7,15,6,6,6,4,fortifier,blue,,10,,,,5,5,5,5,5
Nykaula,Fantomex,1,572,6,6,1,1,1,,,,,,,,,,,,,,
Nykaula,Heimdall,1,799,7,9,1,1,1,,,,,,,,,,,,,,
Nykaula,SquirrelGirl,110,2052317,7,9,20,6,7,6,5,healer,purple,,,13,,,3,3,3,3,3
Nykaula,Beast,95,623917,7,9,18,6,6,7,5,skirmisher,purple,,,,,13,3,3,3,3,3
Nykaula,Blob,80,150346,7,8,15,6,6,6,4,striker,blue,5,,,,,,,,,
Nykaula,CorvusGlaive,80,169722,7,8,15,6,6,6,4,striker,blue,8,,,,,3,3,3,3,3
Nykaula,Iceman,80,282612,7,12,15,6,6,6,4,skirmisher,blue,,,,,10,5,5,5,5,5
Nykaula,Magik,105,1397104,7,9,20,6,7,6,5,striker,purple,14,,,,,4,4,4,4,4
Nykaula,Mystique,80,145770,7,7,15,6,6,6,4,skirmisher,blue,,,,,5,,,,,
Nykaula,PhylaVell,80,218185,7,10,15,6,6,6,4,skirmisher,blue,5,,,,10,5,5,5,5,5
Nykaula,Pyro,80,136804,7,7,15,6,6,6,4,striker,blue,5,,,,,,,,,
Nykaula,BetaRayBill,80,193363,7,8,15,6,6,6,4,raider,blue,,8,,10,,5,5,5,5,5
Nykaula,Ultron,85,176668,7,5,16,6,7,6,5,skirmisher,blue,3,,,,9,4,4,4,4,4
Nykaula,Forge,90,309359,7,9,17,6,7,6,5,healer,purple,,10,10,,,,,,,
Nykaula,Cosmo,70,118925,7,9,13,6,6,6,4,healer,,,,5,,,5,5,5,5,5
Nykaula,Yelena,105,1675390,7,10,20,6,6,6,4,raider,purple,,,5,14,,4,4,4,4,4
Nykaula,Ronin,95,413054,7,8,18,6,6,7,5,skirmisher,purple,8,5,5,5,10,,,,,
Nykaula,SymbioteSpiderMan,1,572,6,6,1,1,1,,,,,,,,,,,,,,
Nykaula,CaptainMarvel,1,675,7,7,1,1,1,,,,,,,,,,,,,,
Nykaula,Graviton,1,734,7,8,1,1,1,,,,,,,,,,,,,,
Nykaula,IronFistOrson,105,1418165,7,9,20,6,6,7,5,raider,purple,13,,,14,,4,4,4,4,4
Nykaula,ScientistSupreme,95,635101,7,9,18,6,6,6,5,healer,purple,,,13,,,3,3,3,3,3
Nykaula,StrangeSupreme,105,1787657,7,10,20,6,7,7,5,raider,purple,,,,13,,3,3,3,3,3
Nykaula,SpiderManPavitr,102,675910,7,8,19,6,6,6,4,raider,purple,10,,,13,,3,3,3,3,3
Nykaula,Falcon,95,693877,7,10,18,6,7,7,5,striker,purple,13,,,,,3,3,3,3,3
Nykaula,SpiderPunk,1,736,7,8,1,1,1,,,,,,,,,,,,,,
Nykaula,Nemesis,1,573,6,6,1,1,1,,,,,,,,,,,,,,
Nykaula,MercSupport_Buffs,1,476,5,5,1,1,1,,,,,,,,,,,,,,
Nykaula,Darkhawk,80,162003,7,7,15,6,6,6,4,raider,blue,,,,8,,3,3,3,3,3
Nykaula,SilverSamurai,1,735,7,8,1,1,1,,,,,,,,,,,,,,
Nykaula,Longshot,1,799,7,9,1,1,1,,,,,,,,,,,,,,
Nykaula,Ultimus,100,893887,7,10,19,7,7,7,4,raider,purple,,4,,10,,,,,,
Nykaula,Sylvie,75,231857,7,7,14,6,6,6,5,striker,blue,10,,,,,5,5,5,5,5
Nykaula,Photon,95,334986,7,7,18,6,6,6,4,striker,blue,8,,,,,3,3,3,3,3
Nykaula,Valkyrie,1,736,7,8,1,1,1,,,,,,,,,,,,,,
Nykaula,Minerva,1,671,7,7,1,1,1,,,,,,,,,,,,,,
Nykaula,StarBrand,100,581433,7,9,19,6,6,6,4,raider,purple,8,5,5,10,5,,,,,
Nykaula,ScarletSpider,1,673,7,7,1,1,1,,,,,,,,,,,,,,
Nykaula,SpiderWoman,1,675,7,7,1,1,1,,,,,,,,,,,,,,
Nykaula,Nakia,1,574,6,6,1,1,1,,,,,,,,,,,,,,
Nykaula,MadelynePryor,95,615823,7,9,18,6,6,6,5,raider,purple,,,,13,,3,3,3,3,3
Nykaula,MorganLeFay,95,328981,7,4,18,6,8,6,6,fortifier,purple,,10,,5,,,,,,
Nykaula,Archangel,90,228007,7,4,17,6,6,8,6,skirmisher,purple,,,,,10,,,,,
Nykaula,Psylocke,1,572,6,6,1,1,1,,,,,,,,,,,,,,
Nykaula,RedGuardian,105,1771433,7,10,20,6,6,6,5,healer,purple,,5,14,,,4,4,4,4,4
Nykaula,RedSkull,1,862,7,10,1,1,1,,,,,,,,,,,,,,
Nykaula,RedHulk,95,349127,7,4,18,6,8,7,6,striker,purple,10,,,,,,,,,
Nykaula,PandaPool,98,507109,7,9,18,6,6,7,4,fortifier,purple,,10,,,9,,,,,
Nykaula,MrSinister,54,53700,7,7,10,5,5,5,4,healer,,,,2,,,2,2,2,2,2
Nykaula,IronPatriot,100,753416,7,10,19,7,7,6,5,striker,purple,13,5,5,5,5,3,3,3,3,3
Nykaula,BlackKnight,100,787572,7,9,19,7,7,7,5,fortifier,purple,,13,,,,3,3,3,3,3
Nykaula,LadyDeathstrike,105,1444158,7,9,20,7,7,6,5,raider,purple,,,,13,1,3,3,3,3,3
Nykaula,Daken,105,875215,7,8,20,6,6,6,5,raider,purple,13,13,13,13,13,3,3,3,3,3
Nykaula,Moonstone,80,189577,7,8,15,6,6,7,5,fortifier,blue,,9,,3,,4,4,4,4,4
Nykaula,Swarm,1,686,7,7,1,1,1,,,,,,,,,,,,,,
Nykaula,GreenGoblinGlider,100,773631,7,9,19,8,7,8,6,raider,purple,,,,13,,3,3,3,3,3
Nykaula,Abomination,60,89718,7,8,11,6,6,6,4,raider,,,,,4,,4,4,4,4,4
Nykaula,Doom,75,118716,7,4,14,6,6,6,4,raider,blue,,,,10,,5,5,5,5,5
Nykaula,Karnak,1,572,6,6,1,1,1,,,,,,,,,,,,,,
Nykaula,Sasquatch,100,685019,7,9,19,6,7,7,5,striker,purple,13,,,,9,3,3,3,3,3
Nykaula,PeniParker,103,794214,7,8,19,6,7,6,5,striker,purple,13,,,,,3,3,3,3,3
Nykaula,PeterBParker,103,775695,7,8,19,6,6,6,5,healer,purple,,,13,,,3,3,3,3,3
Nykaula,Quicksilver,95,337825,7,5,18,6,6,6,4,striker,purple,10,,,,,,,,,
Nykaula,Rogue,90,230409,7,4,17,8,6,6,6,fortifier,purple,,10,,,,,,,,
Nykaula,BlackPantherShuri,100,794599,7,10,19,6,7,7,5,raider,purple,5,5,5,13,5,3,3,3,3,3
Nykaula,HankPym,100,840043,7,10,19,7,7,7,5,healer,purple,10,5,13,5,5,3,3,3,3,3
Nykaula,AimDmg_Offense,1,381,4,4,1,1,1,,,,,,,,,,,,,,
Nykaula,MercDmg_Single,1,476,5,5,1,1,1,,,,,,,,,,,,,,
Nykaula,Guardian,100,697188,7,9,19,6,6,6,5,skirmisher,purple,9,,,,13,3,3,3,3,3
Nykaula,Dazzler,1,735,7,8,1,1,1,,,,,,,,,,,,,,
Nykaula,TChalla,1,573,6,6,1,1,1,,,,,,,,,,,,,,
Nykaula,AbsorbingMan,80,173092,7,8,15,6,6,6,4,fortifier,blue,,9,6,,,4,4,4,4,4
Nykaula,AimDmg_Speed,1,382,4,4,1,1,1,,,,,,,,,,,,,,
Nykaula,AimSupport_Heal,1,381,4,4,1,1,1,,,,,,,,,,,,,,
Nykaula,MercDmg_General,1,382,4,4,1,1,1,,,,,,,,,,,,,,
Nykaula,Echo,1,672,7,7,1,1,1,,,,,,,,,,,,,,
Nykaula,BlackCat,105,763083,7,4,19,8,7,8,6,striker,purple,13,,,,,3,3,3,3,3
Nykaula,UnionJack,1,736,7,8,1,1,1,,,,,,,,,,,,,,
Nykaula,AgathaHarkness,100,940603,7,9,19,7,6,7,5,raider,purple,,,,13,10,3,3,3,3,3
Nykaula,OldManLogan,105,1252151,7,10,19,8,8,8,5,striker,purple,13,5,5,5,5,3,3,3,3,3
Nykaula,CaptainAmericaWW2,1,573,6,6,1,1,1,,,,,,,,,,,,,,
Nykaula,Ares,95,778266,7,10,18,8,8,8,6,fortifier,purple,,13,,,,3,3,3,3,3
Nykaula,DarkBeast,1,573,6,6,1,1,1,,,,,,,,,,,,,,
Nykaula,Nova,95,335745,7,4,18,6,6,6,6,striker,purple,10,,,,,,,,,
Nykaula,DoctorVoodoo,1,573,6,6,1,1,1,,,,,,,,,,,,,,
Nykaula,Gladiator,100,1082603,7,10,19,7,7,7,5,fortifier,purple,5,13,5,5,5,3,3,3,3,3
Nykaula,BuckyBarnes,1,736,7,8,1,1,1,,,,,,,,,,,,,,
Nykaula,Gorr,105,1722751,7,11,20,6,7,7,5,raider,purple,10,,,13,,3,3,3,3,3
Nykaula,BlackPantherBC,1,674,7,7,1,1,1,,,,,,,,,,,,,,
Nykaula,Northstar,100,737841,7,10,19,6,6,7,5,raider,purple,,,,13,,3,3,3,3,3
Nykaula,Dormammu,100,419961,7,4,19,6,6,6,4,healer,purple,,,10,,,,,,,
Nykaula,Titania,80,174927,7,8,15,6,6,6,4,raider,blue,8,,,8,,3,3,3,3,3
Nykaula,ThanosEndgame,101,1153593,7,10,19,7,7,7,5,striker,purple,13,5,5,5,5,3,3,3,3,3
Nykaula,KateBishop,1,572,6,6,1,1,1,,,,,,,,,,,,,,
Nykaula,Apocalypse,105,1193916,7,10,19,8,8,8,6,striker,purple,13,,,,,3,3,3,3,3
Nykaula,USAgent,1,573,6,6,1,1,1,,,,,,,,,,,,,,
Nykaula,Nimrod,95,666338,7,9,18,6,7,7,4,striker,purple,13,,,,,3,3,3,3,3
Nykaula,Sentinel,100,989968,7,10,19,6,6,7,5,fortifier,purple,,13,,,,3,3,3,3,3
Nykaula,Blade,105,1635051,7,10,20,8,8,8,6,striker,purple,13,,,,,3,3,3,3,3
Nykaula,Morbius,1,573,6,6,1,1,1,,,,,,,,,,,,,,
Nykaula,Wong,1,573,6,6,1,1,1,,,,,,,,,,,,,,
Nykaula,OmegaSentinel,95,729196,7,10,18,6,7,7,4,healer,purple,,,13,,,3,3,3,3,3
Nykaula,SuperSkrull,105,1250615,7,10,19,7,7,7,5,striker,purple,13,,,,,3,3,3,3,3
Nykaula,ManThing,100,792463,7,8,19,6,6,6,5,fortifier,purple,,13,,,,3,3,3,3,3
Nykaula,Oath,105,1546230,7,10,19,6,7,7,5,raider,purple,,,,13,,3,3,3,3,3
Nykaula,AncientOne,95,710595,7,9,18,6,8,7,6,raider,purple,,,,13,,3,3,3,3,3
Nykaula,CaptainBritain,100,787898,7,10,19,8,8,8,6,striker,purple,13,,,,,3,3,3,3,3
Nykaula,ShadowKing,105,1898945,7,11,20,8,8,7,6,striker,purple,13,5,13,5,5,3,3,3,3,3
Nykaula,EmmaFrostXMen,105,2206259,7,12,20,7,8,7,6,raider,purple,,,,13,,3,3,3,3,3
Nykaula,Kahhori,105,1574593,7,10,19,7,7,7,5,striker,purple,13,,,,,3,3,3,3,3
Nykaula,MsMarvelClassic,100,965147,7,9,19,6,6,7,5,healer,purple,10,,13,,,3,3,3,3,3
Nykaula,KreeTank_Counter,1,477,5,5,1,1,1,,,,,,,,,,,,,,
Nykaula,KreeDmg_Offense,1,476,5,5,1,1,1,,,,,,,,,,,,,,
Nykaula,KreeDmg_Speed,1,476,5,5,1,1,1,,,,,,,,,,,,,,
Nykaula,HydraDmg_Buff,1,476,5,5,1,1,1,,,,,,,,,,,,,,
Nykaula,HydraTank_Taunt,1,476,5,5,1,1,1,,,,,,,,,,,,,,
Nykaula,HydraDmg_AoE,1,476,5,5,1,1,1,,,,,,,,,,,,,,
Nykaula,KreeControl_Assist,1,476,5,5,1,1,1,,,,,,,,,,,,,,
Nykaula,KreeSupport_HoT,1,476,5,5,1,1,1,,,,,,,,,,,,,,
Nykaula,HydraSupport_Heal,1,476,5,5,1,1,1,,,,,,,,,,,,,,
Nykaula,HydraDmg_Single,1,476,5,5,1,1,1,,,,,,,,,,,,,,
Nykaula,Medusa,100,727055,7,8,18,6,7,6,5,raider,purple,5,,,10,,,,,,
Nykaula,JeanGrey,100,1437132,7,12,19,6,7,7,5,healer,purple,,,13,,,3,3,3,3,3
Nykaula,Hercules,105,1535691,7,10,19,6,7,7,5,striker,purple,13,,,,,3,3,3,3,3
Nykaula,OmegaRedPhoenix,100,842875,5,5,19,8,7,7,6,raider,purple,13,,,13,13,3,3,3,3,3
Nykaula,AimControl_Infect,1,381,4,4,1,1,1,,,,,,,,,,,,,,
Nykaula,PeggyCarter,70,149817,7,8,13,6,6,6,4,skirmisher,,,,,,5,5,5,5,5,5
Nykaula,Patriot,70,155499,7,8,13,7,6,6,4,striker,,5,,,,,5,5,5,5,5
Nykaula,FalconJoaquin,70,141703,7,7,13,6,6,6,5,healer,,,,5,,,5,5,5,5,5
Nykaula,Lilandra,105,1579761,7,10,20,6,6,7,5,raider,purple,,,,13,,3,3,3,3,3
Nykaula,HowardTheDuck,100,950930,7,10,19,6,6,6,5,striker,purple,10,,,10,,,,,,
Nykaula,MercTank_Debuff,1,319,4,3,1,1,1,,,,,,,,,,,,,,
Nykaula,AimTank_Taunt,1,476,5,5,1,1,1,,,,,,,,,,,,,,
Nykaula,ZombieScarletWitch,85,212295,5,1,16,7,7,6,5,raider,purple,,,,13,,3,3,3,3,3
Nykaula,Havok,100,993360,7,9,19,6,6,6,5,striker,purple,13,,,,,3,3,3,3,3
Nykaula,Mephisto,105,1700298,7,10,19,7,7,7,5,striker,purple,13,,,,,3,3,3,3,3
Nykaula,DaredevilModern,105,1647418,7,10,20,7,7,7,5,fortifier,purple,,13,13,,,3,3,3,3,3
Nykaula,SilverSable,105,1663314,7,10,20,7,7,7,5,skirmisher,purple,,,,13,13,3,3,3,3,3
Nykaula,HitMonkey,105,1574502,7,10,20,6,6,7,5,striker,purple,13,,,,,3,3,3,3,3
Nykaula,Odin,105,1683703,7,7,20,7,7,7,5,raider,purple,,,,13,,3,3,3,3,3
Nykaula,VictoriaHand,100,1301650,7,11,19,6,7,7,5,striker,purple,13,,12,,,3,3,3,3,3
Nykaula,Knull,105,2209135,7,11,20,7,7,7,5,raider,purple,5,5,5,14,5,4,4,4,4,4
Nykaula,Quasar,105,1569512,7,7,20,8,7,7,5,striker,purple,15,5,5,5,5,5,5,5,5,5
Nykaula,Songbird,100,1627811,7,12,19,6,6,7,5,raider,purple,13,,,13,,3,3,3,3,3
Nykaula,Hyperion,100,1123650,7,10,19,6,6,7,5,striker,purple,13,13,,,,3,3,3,3,3
Nykaula,Hellverine,100,973901,7,9,19,6,6,6,5,striker,purple,13,13,13,13,13,3,3,3,3,3
Nykaula,InvisibleWomanMCU,110,2703720,7,10,20,7,7,7,5,raider,purple,15,,,15,,5,5,5,5,5
Nykaula,Satana,100,1005188,7,9,19,6,6,7,5,healer,purple,13,13,13,13,13,3,3,3,3,3
Nykaula,MrFantasticMCU,105,1754845,7,10,20,6,7,7,5,fortifier,purple,,14,,,,4,4,4,4,5
Nykaula,TheHood,100,981874,7,9,19,6,6,6,5,raider,purple,13,13,13,13,13,3,3,3,3,3
Nykaula,FranklinRichards,110,2610654,7,10,20,7,7,7,5,striker,purple,15,,,15,,5,5,5,5,5
Nykaula,Azazel,105,1445151,7,10,19,6,7,7,5,raider,purple,,,,13,,3,3,3,3,3
Nykaula,Blastaar,105,1689668,7,7,20,7,7,7,5,striker,purple,15,5,5,5,14,5,5,5,5,5
Nykaula,RachelSummers,105,1600791,7,10,20,6,7,7,5,raider,purple,,,,13,13,3,3,3,3,3
Nykaula,SebastianShaw,105,1658140,7,10,20,7,7,7,5,fortifier,purple,,13,,,,3,3,3,3,3
Nykaula,Scorpion,105,1552694,7,10,20,7,7,7,5,striker,purple,13,,,,,3,3,3,3,3
Nykaula,SuperiorSpiderMan,105,1684289,7,10,20,7,7,7,5,healer,purple,13,,13,,,3,3,3,3,3
Nykaula,DaimonHellstrom,110,2375763,7,10,20,7,7,7,5,raider,purple,,,,14,,4,4,4,4,4
Nykaula,Hobgoblin,105,1422027,7,9,20,6,7,6,5,raider,purple,,,,13,,3,3,3,3,3
Nykaula,PhantomRider,100,701388,5,5,19,6,7,6,6,raider,purple,,,,13,,3,3,3,3,3
Nykaula,LivingMummy,110,2112072,7,10,20,6,7,7,5,fortifier,purple,,13,,,,3,3,3,3,3
Nykaula,Hellcat,105,1698139,7,10,20,6,7,7,5,raider,purple,,,,13,,3,3,3,3,3
Nykaula,ZombieKestrel,105,984289,5,3,20,7,7,7,5,raider,purple,,,,13,,3,3,3,3,3
Nykaula,Thunderstrike,105,1566528,7,7,20,7,7,7,5,raider,purple,,,,13,,3,3,3,3,3
Nykaula,LadyBullseye,105,1281265,6,7,20,6,7,7,5,raider,purple,,,,14,,4,4,4,4,4
Nykaula,SwordMaster,105,1166380,5,7,20,6,7,7,5,striker,purple,14,,,,,4,4,4,4,4
Nykaula,SteelSerpent,105,1638478,7,10,20,7,7,7,5,skirmisher,purple,,,,,14,4,4,4,4,4
Nykaula,Xavier,105,1641474,7,6,20,7,7,7,5,raider,purple,,,,14,,4,4,4,4,4
Nykaula,Wolfsbane,105,1190263,6,7,20,6,6,6,4,striker,purple,14,,,,,4,4,4,4,4
Nykaula,Warlock,105,1110690,5,7,20,6,6,6,4,raider,purple,,,,14,,4,4,4,4,4
Nykaula,Cannonball,105,1193148,5,7,20,6,6,6,4,raider,purple,,,,14,,4,4,4,4,4
Nykaula,MagnetoPhoenixForce,105,1002292,3,3,20,7,7,6,5,striker,purple,13,,,,,3,3,3,3,3
Nykaula,Sentry,105,1336873,7,7,19,7,7,7,5,raider,purple,,,,13,,3,3,3,3,3
Nykaula,UrsaMajor,105,1303380,5,7,20,6,6,6,4,raider,purple,,,,14,,4,4,4,4,4
Nykaula,Darkstar,105,1349438,5,7,20,6,6,6,5,raider,purple,,,,14,,4,4,4,4,4
Nykaula,NovaSamAlexander,105,874880,4,4,19,6,6,7,5,raider,purple,,,,13,,3,3,3,3,3
Nykaula,MoonGirl,100,609490,3,3,19,6,6,7,5,striker,purple,13,,,,,3,3,3,3,3
Nykaula,Eclipse,1,494,5,5,1,1,1,,,,,,,,,,,,,,
Nykaula,JeffTheLandShark,110,1521063,4,4,20,7,7,6,5,raider,purple,,,,14,,4,4,4,4,4
Guerlain,ShieldSupport_Heal,53,47240,7,10,9,5,5,,3,healer,,,,1,,,1,1,1,1,1
Guerlain,SpiderMan,105,1012143,7,11,20,6,6,6,4,striker,purple,13,13,13,13,13,3,3,3,3,3
Guerlain,LukeCage,75,117222,7,7,14,6,6,6,5,fortifier,,,5,,,,5,5,5,5,5
Guerlain,Punisher,90,457267,7,10,17,6,6,6,5,skirmisher,purple,6,6,6,6,10,,,,,
Guerlain,Daredevil,70,143508,7,7,13,7,6,6,5,raider,,,,,5,,5,5,5,5,5
Guerlain,Crossbones,53,30096,5,5,9,5,5,5,3,fortifier,,,1,,,,1,1,1,1,1
Guerlain,Elektra,95,598968,7,9,18,6,6,6,4,striker,purple,11,6,6,6,6,3,3,3,3,3
Guerlain,MercDmg_General,50,25576,4,4,9,5,5,,3,skirmisher,,,,,,5,5,5,5,5,5
Guerlain,ShieldDmg_Defense,42,7146,3,3,8,3,2,,1,,,,,,,,,,,,
Guerlain,HandDmg_Bonus,50,16554,2,2,9,5,5,,3,,,,,,,,,,,,
Guerlain,HandDmg_Unbuff,50,14751,1,1,9,5,5,,3,,,,,,,,,,,,
Guerlain,HandSupport_Heal,50,16251,2,2,9,5,5,,3,,,,,,,,,,,,
Guerlain,Bullseye,51,20965,3,3,9,5,5,5,3,,,,,,,,,,,,
Guerlain,Wolverine,105,1714604,7,10,20,7,6,6,4,striker,purple,13,13,13,13,13,3,3,3,3,3
Guerlain,HydraDmg_Buff,50,5945,3,3,9,2,1,,1,,,,,,,,,,,,
Guerlain,RavagerDmg_AoE,30,2719,4,4,6,1,1,,1,,,,,,,,,,,,
Guerlain,ShieldSupport_Stealth,26,1501,2,2,5,1,1,,1,,,,,,,,,,,,
Guerlain,WinterSoldier,64,44367,4,4,11,6,6,6,4,,,,,,,,,,,,
Guerlain,RavagerTank_Taunt,51,16849,2,2,9,5,5,,3,,,,,,,,,,,,
Guerlain,HydraSupport_Heal,3,314,3,3,1,1,1,,,,,,,,,,,,,,
Guerlain,Nebula,75,102207,5,5,14,7,7,7,5,skirmisher,,,,5,,5,5,5,5,5,5
Guerlain,HydraDmg_AoE,1,381,4,4,1,1,1,,,,,,,,,,,,,,
Guerlain,HandControl_HealBlock,50,18699,3,3,9,5,5,,3,,,,,,,,,,,,
Guerlain,Yondu,51,20219,2,2,9,5,5,5,3,raider,,,,,3,,3,3,3,3,3
Guerlain,ShieldTank_Stun,36,4875,3,3,6,3,2,,1,,,,,,,,,,,,
Guerlain,MercTank_Debuff,25,1717,3,3,5,1,1,,1,,,,,,,,,,,,
Guerlain,KreeSupport_HoT,70,58960,4,4,13,7,6,,5,healer,,,,3,,,3,3,3,3,3
Guerlain,JessicaJones,70,77829,4,4,13,6,6,6,5,healer,,,,3,,,3,3,3,3,3
Guerlain,KreeTank_Counter,70,53569,4,3,13,7,6,,5,skirmisher,,,,,,3,3,3,3,3,3
Guerlain,Thing,95,523613,7,8,18,6,6,6,4,striker,purple,10,,,,,,,,,
Guerlain,HydraDmg_Single,25,1433,2,2,5,1,1,,1,,,,,,,,,,,,
Guerlain,Rhino,75,134699,7,8,14,6,6,6,4,fortifier,,,5,,,,5,5,5,5,5
Guerlain,Hulk,70,98909,7,7,13,6,6,6,4,fortifier,,,4,,,,5,4,4,4,5
Guerlain,IronFist,95,402905,5,5,18,6,6,6,5,healer,purple,,,11,,,1,1,1,1,1
Guerlain,Hawkeye,60,53525,7,7,10,5,5,5,3,raider,,,,,3,,3,3,3,3,3
Guerlain,Hela,100,1041699,7,9,19,7,7,7,5,raider,purple,13,13,13,13,13,3,3,3,3,3
Guerlain,Deadpool,105,1725241,7,9,20,7,7,7,5,raider,purple,13,13,13,13,13,3,3,3,3,3
Guerlain,Quake,70,120495,7,7,13,6,6,6,4,raider,,5,5,5,5,5,5,5,5,5,5
Guerlain,RavagerSupport_Heal,1,288,3,3,1,1,1,,,,,,,,,,,,,,
Guerlain,HandTank_Stealth,5,394,3,3,2,1,1,,,,,,,,,,,,,,
Guerlain,KreeControl_Assist,70,44151,2,2,13,7,6,,5,striker,,2,,,,,2,2,2,2,2
Guerlain,KreeDmg_Speed,66,29217,2,2,12,5,5,,3,raider,,,,,2,,2,2,2,2,2
Guerlain,Mysterio,100,616045,7,9,19,7,6,6,4,skirmisher,purple,13,13,13,13,13,3,3,3,3,3
Guerlain,Shocker,100,670421,6,6,19,6,6,6,4,striker,purple,13,13,13,13,13,3,3,3,3,3
Guerlain,Pyro,25,2206,3,3,5,1,1,1,1,,,,,,,,,,,,
Guerlain,Ronan,70,104064,7,8,13,7,6,6,5,fortifier,,,3,,,,3,3,3,3,3
Guerlain,Venom,100,568428,7,8,19,6,6,6,4,striker,purple,13,13,13,13,13,3,3,3,3,3
Guerlain,HumanTorch,70,178789,7,10,13,6,6,6,4,striker,,5,,,,,5,5,5,5,5
Guerlain,Thor,70,93399,7,7,13,6,6,6,4,striker,,3,,,,,3,3,3,3,3
Guerlain,ScarletWitch,70,125622,7,9,13,6,6,6,5,,,,,,,,2,2,2,2,2
Guerlain,Mantis,1,734,7,8,1,1,1,,,,,,,,,,,,,,
Guerlain,AmericaChavez,2,302,3,3,1,1,1,,,,,,,,,,,,,,
Guerlain,NightNurse,50,49178,7,9,9,5,5,5,3,healer,,,,4,,,5,5,4,5,4
Guerlain,Drax,1,195,2,2,1,1,1,,,,,,,,,,,,,,
Guerlain,BaronMordo,100,662090,6,6,19,6,6,6,4,skirmisher,purple,13,13,13,13,13,3,3,3,3,3
Guerlain,Killmonger,70,98812,7,7,13,6,6,6,4,raider,,,,,5,,5,5,5,5,5
Guerlain,Sabretooth,70,59361,5,5,13,6,6,5,2,,,,,,,,,,,,
Guerlain,UltGreenGoblin,80,102444,5,5,14,6,6,6,4,raider,blue,,,,6,,1,1,1,1,1
Guerlain,RedSkull,80,105629,5,5,15,6,6,6,4,striker,blue,5,,,,,,,,,
Guerlain,Beast,100,914990,7,9,19,6,7,7,5,healer,purple,,,13,,,3,3,3,3,3
Guerlain,Kingpin,80,112175,5,5,15,6,6,6,4,fortifier,blue,,6,,,,1,1,1,1,1
Guerlain,MsMarvel,50,19485,2,2,8,5,5,5,3,,,,,,,,,,,,
Guerlain,Coulson,100,573563,7,7,19,6,7,7,4,striker,purple,13,,,,,3,3,3,3,3
Guerlain,UltSpiderMan,50,34625,4,4,9,5,5,5,3,raider,,,,,3,3,3,3,3,3,3
Guerlain,Loki,90,250867,7,7,17,6,6,6,4,skirmisher,purple,,,,,10,,,,,
Guerlain,BlackWidow,70,105209,5,5,13,6,6,6,4,striker,,5,,,,,5,5,5,5,5
Guerlain,IronMan,100,549855,7,8,19,6,7,6,4,raider,purple,,1,,10,,,,,,
Guerlain,Taskmaster,100,972807,7,10,19,6,6,6,4,skirmisher,purple,13,13,13,13,13,3,3,3,3,3
Guerlain,ProximaMidnight,70,102149,7,7,13,6,6,6,4,skirmisher,,,,,,5,5,5,5,5,5
Guerlain,Namor,85,266246,7,9,16,6,6,6,4,raider,purple,,,,12,,2,3,3,3,2
Guerlain,WarMachine,90,338488,6,6,17,6,6,6,4,raider,purple,,,,13,,3,3,3,3,3
Guerlain,Wasp,100,839806,7,9,19,6,6,6,5,raider,purple,12,12,12,12,12,2,2,2,2,2
Guerlain,HydraTank_Taunt,1,109,1,1,1,1,1,,,,,,,,,,,,,,
Guerlain,Vulture,105,1705482,7,10,20,7,7,7,5,striker,purple,14,13,13,13,13,4,4,4,4,4
Guerlain,StrangeSupreme,85,265247,5,5,16,6,6,6,4,raider,purple,,,,13,,3,3,3,3,3
Guerlain,Sif,65,36789,5,5,9,5,5,4,2,raider,,,,,4,,4,4,4,4,4
Guerlain,Scream,1,735,7,8,1,1,1,,,,,,,,,,,,,,
Guerlain,Mystique,1,288,3,3,1,1,1,,,,,,,,,,,,,,
Guerlain,Minerva,2,206,2,2,1,1,1,,,,,,,,,,,,,,
Guerlain,MBaku,1,195,2,2,1,1,1,,,,,,,,,,,,,,
Guerlain,Falcon,100,835769,7,9,19,6,6,6,4,raider,purple,,,,13,,3,3,3,3,3
Guerlain,Thanos,80,138590,3,3,15,7,6,6,5,raider,,,,,5,,5,5,5,5,5
Guerlain,Heimdall,1,288,3,3,1,1,1,,,,,,,,,,,,,,
Guerlain,CorvusGlaive,70,57745,3,3,13,6,6,6,4,striker,,5,,,,,5,5,5,5,5
Guerlain,Blob,1,195,2,2,1,1,1,,,,,,,,,,,,,,
Guerlain,Gambit,100,763366,7,10,19,6,7,7,5,raider,purple,13,13,13,13,13,3,3,3,3,3
Guerlain,Korath,1,195,2,2,1,1,1,,,,,,,,,,,,,,
Guerlain,MercSupport_Buffs,1,195,2,2,1,1,1,,,,,,,,,,,,,,
Guerlain,SharonCarter,1,684,7,7,1,1,1,,,,,,,,,,,,,,
Guerlain,AntMan,95,606176,7,8,18,6,6,6,4,striker,purple,12,12,12,12,12,2,2,2,2,2
Guerlain,LokiTeen,90,232980,6,6,17,6,6,7,4,striker,blue,10,,,,,5,5,5,5,5
Guerlain,Vahl,90,246523,6,6,17,6,6,6,4,raider,blue,,,,10,,5,5,5,5,5
Guerlain,ShangChi,75,92155,5,5,14,6,6,6,5,healer,,,,4,,,4,5,4,4,4
Guerlain,Rescue,85,198121,7,8,16,6,6,6,4,healer,blue,,,5,,,,,,,
Guerlain,Nemesis,60,49939,4,4,11,6,6,6,4,striker,,5,,,,,5,5,5,5,5
Guerlain,Ironheart,100,874614,7,9,19,6,6,6,4,raider,purple,,,,13,,3,3,3,3,3
Guerlain,SpiderManBigTime,95,471769,7,,18,6,6,6,4,striker,purple,12,12,12,12,12,2,2,2,2,2
Guerlain,Vision,1,204,2,2,1,1,1,,,,,,,,,,,,,,
Guerlain,ScarletSpider,1,196,2,2,1,1,1,,,,,,,,,,,,,,
Guerlain,PhylaVell,75,108844,5,5,14,7,7,7,5,striker,,5,,5,,,5,5,5,5,5
Guerlain,Electro,75,119992,7,7,14,6,6,6,4,raider,,,,,2,,4,4,2,4,2
Guerlain,CaptainMarvel,50,38390,7,7,8,5,5,5,3,,,,,,,,,,,,
Guerlain,Toad,1,798,7,9,1,1,1,,,,,,,,,,,,,,
Guerlain,SilverSamurai,70,47934,5,5,13,5,4,4,2,,,,,,,,,,,,
Guerlain,Gamora,85,242103,7,7,16,7,7,7,5,striker,blue,10,,,5,,5,5,5,5,5
Guerlain,Cyclops,100,676784,7,9,19,7,7,7,5,raider,purple,13,13,13,13,13,3,3,3,3,3
Guerlain,Cloak,75,147942,7,7,14,7,7,7,5,skirmisher,blue,,,,,7,2,2,2,2,2
Guerlain,Sylvie,85,290166,6,6,16,6,6,6,4,striker,purple,10,,,,,,,,,
Guerlain,GhostRiderRobbie,95,401228,7,8,18,6,6,6,4,raider,purple,,,,10,,,,,,
Guerlain,DoctorStrange,100,1031286,7,10,19,7,7,8,6,healer,purple,,,13,,,3,3,3,3,3
Guerlain,AimControl_Infect,1,287,3,3,1,1,1,,,,,,,,,,,,,,
Guerlain,Sersi,75,152246,7,8,14,7,7,6,5,skirmisher,blue,,,,,5,,,,,
Guerlain,Sunfire,98,468025,7,8,18,6,6,6,4,striker,purple,13,6,6,6,6,3,3,3,3,3
Guerlain,KamalaKhan,95,386001,7,8,18,6,6,6,4,skirmisher,purple,,,,,10,,,,,
Guerlain,Magik,1,486,5,5,1,1,1,,,,,,,,,,,,,,
Guerlain,Cable,1,386,4,4,1,1,1,,,,,,,,,,,,,,
Guerlain,YoYo,70,140187,7,7,13,6,6,6,4,skirmisher,,5,5,5,5,5,5,5,5,5,5
Guerlain,Psylocke,60,56526,5,5,11,6,6,6,4,striker,,5,,,,,5,5,5,5,5
Guerlain,Domino,70,119984,6,6,13,7,6,6,4,raider,,5,5,5,5,5,5,5,5,5,5
Guerlain,Colossus,1,196,2,2,1,1,1,,,,,,,,,,,,,,
Guerlain,CaptainAmericaWW2,1,573,6,6,1,1,1,,,,,,,,,,,,,,
Guerlain,SpiderWeaver,65,2632,3,3,1,1,1,,,,,,,,,,,,,,
Guerlain,Swarm,95,421760,5,5,18,6,6,6,4,striker,purple,12,12,12,12,12,2,2,2,2,2
Guerlain,Dagger,75,122230,6,6,14,7,7,6,5,striker,blue,7,,,,,2,2,2,2,2
Guerlain,MrNegative,80,166919,7,7,15,6,6,6,4,striker,blue,6,,,,,1,1,1,1,1
Guerlain,Yellowjacket,95,398500,5,5,18,6,6,6,4,striker,purple,12,12,12,12,12,2,2,2,2,2
Guerlain,Stryfe,1,746,7,8,1,1,1,,,,,,,,,,,,,,
Guerlain,KittyPryde,1,289,3,3,1,1,1,,,,,,,,,,,,,,
Guerlain,MistyKnight,75,123633,7,8,14,6,6,6,4,skirmisher,,,,,,4,5,4,4,5,5
Guerlain,MercDmg_Single,1,109,1,1,1,1,1,,,,,,,,,,,,,,
Guerlain,AntiVenom,3,433,4,4,1,1,1,,,,,,,,,,,,,,
Guerlain,KreeDmg_Offense,1,195,2,2,1,1,1,,,,,,,,,,,,,,
Guerlain,AimDmg_Speed,1,195,2,2,1,1,1,,,,,,,,,,,,,,
Guerlain,AmadeusCho,70,141639,7,8,13,6,6,6,4,,,,,,,,,,,,
Guerlain,MrFantastic,100,549890,7,7,19,6,7,6,5,skirmisher,purple,,,,,12,2,3,2,2,2
Guerlain,Thor_InfinityWar,85,121699,4,4,16,6,7,6,4,striker,blue,5,,,,,,,,,
Guerlain,BlackBolt,100,631031,7,9,19,6,6,6,4,striker,purple,13,,,,,3,3,3,3,3
Guerlain,BuckyBarnes,2,499,5,5,1,1,1,,,,,,,,,,,,,,
Guerlain,Mockingbird,95,399470,7,9,18,6,6,6,4,healer,purple,5,5,10,5,5,,,,,
Guerlain,StarLord_Annihilation,85,115719,4,4,16,6,6,6,4,raider,blue,,,,5,,,,,,
Guerlain,RocketRaccoon,100,840138,7,9,19,6,6,6,4,raider,purple,,,,10,,,,3,,3
Guerlain,ElsaBloodstone,1,559,7,5,1,1,1,,,,,,,,,,,,,,
Guerlain,ColleenWing,75,74220,4,4,14,6,6,6,4,striker,,3,,,,,4,4,5,3,5
Guerlain,Storm,100,938720,7,10,19,6,6,6,4,raider,purple,,,,13,,3,3,3,3,3
Guerlain,SquirrelGirl,1,491,5,5,1,1,1,,,,,,,,,,,,,,
Guerlain,SamWilson,90,299280,6,5,17,6,6,6,5,skirmisher,purple,,,,,10,,,,,
Guerlain,Shatterstar,70,68610,5,5,13,6,6,6,4,,,,,,,,4,3,5,3,3
Guerlain,SheHulk,70,137274,7,8,13,6,6,6,4,,,,,,,,,,,,
Guerlain,Nakia,1,289,3,3,1,1,1,,,,,,,,,,,,,,
Guerlain,Abomination,70,42973,3,3,13,6,5,4,3,,,,,,,,,,,,
Guerlain,Negasonic,70,130869,7,7,13,6,6,6,4,raider,,5,5,5,5,5,5,5,5,5,5
Guerlain,Sybil,90,349956,7,9,17,7,7,7,5,striker,purple,10,,,,,,,,,
Guerlain,Ikaris,75,164166,7,8,14,7,7,7,5,striker,blue,7,,,,,2,2,2,2,2
Guerlain,MultipleMan,70,68243,5,5,13,6,6,6,4,,,,,,,,5,5,5,5,5
Guerlain,SpiderPunk,1,196,2,2,1,1,1,,,,,,,,,,,,,,
Guerlain,Fantomex,1,288,3,3,1,1,1,,,,,,,,,,,,,,
Guerlain,Phoenix,100,1085622,7,9,19,6,7,7,5,striker,purple,13,,,,,3,3,3,3,3
Guerlain,AgathaHarkness,100,812601,7,8,19,7,6,6,4,skirmisher,purple,,,,,13,3,3,3,3,3
Guerlain,Polaris,70,87349,5,5,13,6,6,6,4,,,,,,,,3,3,4,3,4
Guerlain,Longshot,70,70780,5,5,13,6,7,6,4,,,,,,,,5,5,5,5,5
Guerlain,EmmaFrost,100,868415,7,9,19,6,6,6,4,striker,purple,13,5,5,5,5,3,3,3,3,3
Guerlain,WhiteTiger,1,681,7,7,1,1,1,,,,,,,,,,,,,,
Guerlain,IronManInfinityWar,85,157301,6,6,16,6,6,6,4,striker,blue,5,,,,,,,,,
Guerlain,Okoye,1,800,7,9,1,1,1,,,,,,,,,,,,,,
Guerlain,Ultron,85,293453,7,10,16,7,7,7,5,striker,purple,10,,,,,,,,,
Guerlain,MadelynePryor,100,562805,6,6,18,6,6,6,4,striker,purple,13,,,,,3,3,3,3,3
Guerlain,Valkyrie,1,672,7,7,1,1,1,,,,,,,,,,,,,,
Guerlain,Wong,70,44470,4,4,13,5,5,4,2,,,,,,,,,,,,
Guerlain,SilverSurfer,100,822464,7,9,19,6,6,7,4,striker,purple,10,,,,,,,,,
Guerlain,X23,1,197,2,2,1,1,1,,,,,,,,,,,,,,
Guerlain,Quicksilver,95,214186,5,5,16,6,6,6,4,striker,blue,8,,,,,3,3,3,3,3
Guerlain,Carnage,100,568565,7,8,19,6,6,6,4,skirmisher,purple,13,13,13,13,13,3,3,3,3,3
Guerlain,AimDmg_Offense,1,287,3,3,1,1,1,,,,,,,,,,,,,,
Guerlain,Cosmo,85,134107,5,5,16,6,6,6,4,healer,blue,,,5,,,,,,,
Guerlain,ZombieIronMan,100,578344,7,1,19,7,6,6,4,striker,purple,13,13,13,13,13,3,3,3,3,3
Guerlain,BlackPanther,1,288,3,3,1,1,1,,,,,,,,,,,,,,
Guerlain,ZombieJuggernaut,100,771120,7,4,19,7,7,6,5,striker,purple,13,13,13,13,13,3,3,3,3,3
Guerlain,DoctorVoodoo,1,196,2,2,1,1,1,,,,,,,,,,,,,,
Guerlain,Yelena,1,700,5,5,1,1,1,,,raider,,,,,5,,5,5,5,5,5
Guerlain,Graviton,1,734,7,8,1,1,1,,,,,,,,,,,,,,
Guerlain,IronheartMCU,71,71578,5,5,13,6,6,6,4,,,,,,,,,,,,
Guerlain,Moonstone,85,183439,7,7,16,6,6,6,4,striker,blue,6,,,,,1,1,1,1,1
Guerlain,Nobu,80,101299,5,5,15,6,6,6,4,raider,blue,,,6,,,1,1,1,1,1
Guerlain,Shuri,1,735,7,8,1,1,1,,,,,,,,,,,,,,
Guerlain,VivVision,1,800,7,9,1,1,1,,,,,,,,,,,,,,
Guerlain,MrSinister,1,288,3,3,1,1,1,,,,,,,,,,,,,,
Guerlain,CullObsidian,70,89858,7,5,13,6,6,6,4,striker,,5,,,,,5,5,5,5,5
Guerlain,Gwenpool,75,179749,6,6,14,7,6,6,5,raider,blue,,,,5,,,,,,
Guerlain,BetaRayBill,85,167733,5,5,16,6,6,6,4,raider,purple,,,,10,,,,,,
Guerlain,Ronin,100,503177,7,7,19,6,6,6,4,striker,purple,10,5,5,5,5,,,,,
Guerlain,Tigra,100,549970,7,9,19,6,6,6,4,striker,purple,10,5,5,5,5,,,,,
Guerlain,MariaHill,1,736,7,8,1,1,1,,,,,,,,,,,,,,
Guerlain,USAgent,85,152224,5,5,16,6,6,6,5,skirmisher,blue,,,,,9,4,4,4,5,5
Guerlain,Firestar,75,83506,5,5,14,6,6,6,4,,,,,,,,,,,,
Guerlain,Ghost,100,636647,6,6,19,6,6,6,4,striker,purple,13,13,13,13,13,3,3,3,3,3
Guerlain,LadyDeathstrike,85,330090,7,7,16,6,6,6,4,striker,purple,13,,,,,3,3,3,3,3
Guerlain,AgentVenom,1,383,4,4,1,1,1,,,,,,,,,,,,,,
Guerlain,Zemo,1,671,7,7,1,1,1,,,,,,,,,,,,,,
Guerlain,Karnak,1,195,2,2,1,1,1,,,,,,,,,,,,,,
Guerlain,CaptainCarter,100,601936,7,8,19,6,6,6,4,healer,purple,5,5,13,5,5,3,3,3,3,3
Guerlain,KangTheConqueror,85,215939,7,8,16,6,6,6,4,striker,blue,6,,,,,1,1,1,1,1
Guerlain,Moondragon,100,936703,7,8,19,7,7,8,6,healer,purple,,,13,,,3,3,3,3,3
Guerlain,IronFistOrson,95,567400,7,8,18,6,6,6,4,striker,purple,12,12,12,12,12,2,2,2,2,2
Guerlain,Stature,50,10033,7,7,8,1,1,1,1,,,,,,,,,,,,
Guerlain,GhostRider,1,289,3,3,1,1,1,,,,,,,,,,,,,,
Guerlain,NicoMinoru,1,290,3,3,1,1,1,,,,,,,,,,,,,,
Guerlain,KravenTheHunter,100,582174,7,8,19,6,6,6,4,raider,purple,,,,13,,3,3,3,3,3
Guerlain,Titania,80,134801,6,6,15,7,6,6,4,raider,blue,,,,6,,1,1,1,1,1
Guerlain,Morbius,1,289,3,3,1,1,1,,,,,,,,,,,,,,
Guerlain,Iceman,1,477,5,5,1,1,1,,,,,,,,,,,,,,
Guerlain,SpiderManNoir,95,397973,7,7,18,6,6,6,4,raider,purple,,,,13,,3,3,3,3,3
Guerlain,UnionJack,1,288,3,3,1,1,1,,,,,,,,,,,,,,
Guerlain,AbsorbingMan,80,120631,5,5,15,6,6,7,4,raider,blue,,,,7,,2,2,2,3,2
Guerlain,DarkBeast,60,56629,5,5,11,6,6,6,4,skirmisher,,,,,,5,5,5,5,5,5
Guerlain,SpiderSlayer,100,773957,7,10,19,7,7,7,5,striker,purple,13,,,,,3,3,3,3,3
Guerlain,BlackPantherBC,1,289,3,3,1,1,1,,,,,,,,,,,,,,
Guerlain,Korg,85,217420,7,7,16,7,6,6,4,skirmisher,purple,,,,,10,,,,,
Guerlain,CaptainAmerica,100,594183,7,8,19,6,6,6,4,fortifier,purple,,13,,,,3,3,3,3,3
Guerlain,Crystal,1,195,2,2,1,1,1,,,,,,,,,,,,,,
Guerlain,InvisibleWoman,1,815,7,9,1,1,1,,,,,,,,,,,,,,
Guerlain,GhostSpider,95,436027,7,8,18,6,6,6,4,raider,purple,,,,13,,3,3,3,3,3
Guerlain,Jubilee,95,629280,7,8,18,6,6,6,4,striker,purple,10,,,,,,,,,
Guerlain,Magneto,60,74858,7,7,11,6,6,6,4,raider,,,,,5,,5,5,5,5,5
Guerlain,NickFury,80,179733,7,8,15,6,6,7,4,healer,blue,,,9,,,4,4,4,4,4
Guerlain,SymbioteSpiderMan,1,203,2,2,1,1,1,,,,,,,,,,,,,,
Guerlain,SpiderMan2099,1,196,2,2,1,1,1,,,,,,,,,,,,,,
Guerlain,StarLord,1,878,7,10,1,1,1,,,,,,,,,,,,,,
Guerlain,TChalla,1,196,2,2,1,1,1,,,,,,,,,,,,,,
Guerlain,Groot,100,805126,7,9,19,6,6,6,4,healer,blue,,,10,,,5,5,5,5,5
Guerlain,Juggernaut,65,69055,5,5,12,6,6,6,4,fortifier,,,5,,,,5,5,5,5,5
Guerlain,Lizard,100,665373,7,9,19,7,6,6,4,striker,purple,13,5,5,5,5,3,3,3,3,3
Guerlain,Bishop,1,672,7,7,1,1,1,,,,,,,,,,,,,,
Guerlain,RedGuardian,1,395,4,4,1,1,1,,,,,,,,,,,,,,
Guerlain,Photon,95,339827,6,6,18,6,6,6,4,striker,purple,12,,,,,2,2,3,2,3
Guerlain,AdamWarlock,85,394073,7,7,16,7,7,7,5,striker,blue,10,,,,,5,5,5,5,5
Guerlain,DoctorOctopus,95,393586,7,8,18,6,6,6,4,healer,purple,,,10,,,,,,,
Guerlain,Nightcrawler,100,840727,7,10,19,7,7,7,5,raider,purple,13,13,13,13,13,3,3,3,3,3
Guerlain,Deathpool,100,755240,7,9,19,7,7,7,5,striker,purple,13,,,,,3,3,3,3,3
Guerlain,AimSupport_Heal,1,110,1,1,1,1,1,,,,,,,,,,,,,,
Guerlain,AimTank_Taunt,1,109,1,1,1,1,1,,,,,,,,,,,,,,
Guerlain,OmegaRed,1,893,7,10,1,1,1,,,,,,,,,,,,,,
Guerlain,Gwenom,100,591360,7,8,19,6,6,6,4,striker,purple,13,13,13,13,13,3,3,3,3,3
Guerlain,Sunspot,105,1402514,7,10,19,7,7,7,5,fortifier,purple,13,13,13,13,13,3,3,3,3,3
Guerlain,MoonKnight,100,672466,7,9,18,6,7,6,4,raider,purple,,,,10,,3,,3,1,3
Guerlain,CosmicGhostRider,100,619340,7,8,19,6,6,6,4,striker,purple,13,,,,,3,3,3,3,3
Guerlain,SpiderWoman,1,290,3,3,1,1,1,,,,,,,,,,,,,,
Guerlain,EbonyMaw,70,103938,7,7,13,6,6,6,4,healer,,,,5,,,5,5,5,5,5
Guerlain,Darkhawk,70,99376,7,8,13,6,6,6,4,,,,,,,,,,,,
Guerlain,MorganLeFay,90,243336,7,4,17,6,8,6,6,striker,blue,10,,,,,5,5,5,5,5
Guerlain,TheLeader,90,378121,7,9,17,6,6,7,5,striker,purple,13,5,5,5,5,3,3,3,3,3
Guerlain,SpiderManPavitr,100,612942,7,8,19,6,6,6,4,striker,purple,13,,,,,3,3,3,3,3
Guerlain,ScientistSupreme,95,646298,7,8,18,6,7,7,5,healer,purple,,,13,,,3,3,3,3,3
Guerlain,SymbioteSilverSurfer,100,899006,7,11,19,7,6,6,5,raider,purple,13,13,13,13,13,3,3,3,3,3
Guerlain,IronPatriot,100,652441,7,9,19,6,7,6,4,fortifier,purple,13,13,13,13,13,3,3,3,3,3
Guerlain,ShieldDmg_AoE,1,109,1,1,1,1,1,,,,,,,,,,,,,,
Guerlain,PandaPool,105,1062370,7,10,19,7,7,7,5,skirmisher,purple,,,,,13,3,3,3,3,3
Guerlain,RedGoblin,100,656130,7,10,19,6,6,6,4,fortifier,purple,13,13,13,13,13,3,3,3,3,3
Guerlain,StarBrand,100,634838,7,9,19,6,6,6,5,fortifier,purple,5,13,5,10,5,3,3,3,3,3
Guerlain,Sasquatch,98,476461,7,8,18,6,6,6,4,skirmisher,purple,6,6,6,6,13,3,3,3,3,3
Guerlain,Daken,100,692900,7,10,19,7,7,6,4,raider,purple,,,,10,,,,,,
Guerlain,Forge,100,631598,7,8,19,7,6,7,5,striker,purple,13,13,13,13,13,3,3,3,3,3
Guerlain,PeterBParker,100,740814,7,10,19,6,6,6,4,healer,purple,,,13,,,3,3,3,3,3
Guerlain,Nova,95,408435,7,5,18,8,8,7,6,striker,purple,10,,,,,,,,,
Guerlain,RedHulk,95,418481,7,5,18,7,8,7,6,raider,purple,,,,13,,3,3,3,3,3
Guerlain,Deathlok,1,196,2,2,1,1,1,,,,,,,,,,,,,,
Guerlain,Northstar,98,609929,7,9,18,7,7,7,5,raider,purple,6,6,6,13,6,3,3,3,3,3
Guerlain,HankPym,100,794402,7,9,19,7,7,7,5,striker,purple,13,5,5,5,5,3,3,3,3,3
Guerlain,BlackKnight,100,833113,7,10,19,7,6,7,5,fortifier,purple,,13,,,,3,3,3,3,3
Guerlain,Archangel,90,249731,7,4,17,6,6,8,6,striker,purple,12,,,,,2,3,3,3,2
Guerlain,Guardian,100,790474,7,9,19,7,7,7,5,striker,purple,13,6,6,6,6,3,3,3,3,3
Guerlain,Rogue,95,328375,7,4,18,8,6,6,6,striker,blue,10,,,,,5,5,5,5,5
Guerlain,Ultimus,95,576959,7,10,18,7,6,6,4,striker,purple,10,,,,,,,,,
Guerlain,BlackPantherShuri,100,756525,7,9,19,7,7,7,5,raider,purple,5,5,5,13,5,3,3,3,3,3
Guerlain,JaneThor,1,196,2,2,1,1,1,,,,,,,,,,,,,,
Guerlain,Gladiator,101,995665,7,8,19,7,7,7,5,fortifier,purple,,13,,,,3,3,3,3,3
Guerlain,Dazzler,1,288,3,3,1,1,1,,,,,,,,,,,,,,
Guerlain,Echo,1,288,3,3,1,1,1,,,,,,,,,,,,,,
Guerlain,PeniParker,100,679672,7,9,19,6,6,6,4,striker,purple,13,,,,,3,3,3,3,3
Guerlain,GreenGoblinGlider,95,374151,7,4,18,6,7,7,4,raider,purple,,,,13,,3,3,3,3,3
Guerlain,Gorr,100,820629,7,8,19,6,6,6,5,raider,purple,,,,13,,3,3,3,3,3
Guerlain,BlackCat,76,145652,7,4,14,6,6,7,6,striker,blue,10,,,,,5,5,5,5,5
Guerlain,ThanosEndgame,100,1040396,7,10,19,6,7,7,4,striker,purple,13,,,,,3,3,3,3,3
Guerlain,Doom,1,483,7,4,1,1,1,,,,,,,,,,,,,,
Guerlain,OldManLogan,105,828355,6,5,20,8,8,8,5,fortifier,purple,10,13,5,5,5,3,3,3,3,3
Guerlain,Ares,46,49618,7,8,8,5,4,4,3,striker,,5,,,,,5,5,5,5,5
Guerlain,Dormammu,100,511993,7,4,19,6,6,6,5,striker,purple,13,,,,,3,3,3,3,3
Guerlain,OmegaSentinel,85,328347,7,7,16,6,6,6,5,skirmisher,purple,,,,,13,3,3,3,3,3
Guerlain,KateBishop,1,195,2,2,1,1,1,,,,,,,,,,,,,,
Guerlain,CaptainBritain,100,787898,7,10,19,8,8,8,6,striker,purple,13,,,,,3,3,3,3,3
Guerlain,Sentinel,95,690668,7,9,18,7,7,7,5,striker,purple,13,,,,,3,3,3,3,3
Guerlain,ZombieScarletWitch,100,558102,5,1,19,7,7,7,5,raider,purple,13,13,13,13,13,3,3,3,3,3
Guerlain,ManThing,100,794193,7,10,18,6,6,6,4,fortifier,purple,,10,,,,3,3,3,2,3
Guerlain,Oath,105,1352411,7,9,19,7,7,7,5,raider,purple,,,,13,,3,3,3,3,3
Guerlain,Nimrod,85,364123,7,9,16,7,7,6,4,raider,purple,,,,10,,,,,,
Guerlain,ShadowKing,100,634974,6,3,19,8,8,7,5,striker,purple,13,5,5,5,5,3,3,3,3,3
Guerlain,Hulkbuster,1,195,2,2,1,1,1,,,,,,,,,,,,,,
Guerlain,AncientOne,100,1040929,7,9,19,7,8,7,6,raider,purple,,,,13,,3,3,3,3,3
Guerlain,Blade,100,1055218,7,9,19,8,8,8,6,striker,purple,13,,,,,3,3,3,3,3
Guerlain,Apocalypse,100,905065,7,10,19,8,8,8,6,striker,purple,13,,,,,3,3,3,3,3
Guerlain,EmmaFrostXMen,100,1113562,7,10,19,7,8,7,6,striker,purple,13,,,,,3,3,3,3,3
Guerlain,Kahhori,100,1130136,7,10,19,7,7,7,5,striker,purple,13,,,,,3,3,3,3,3
Guerlain,MsMarvelClassic,100,550606,6,6,18,6,6,6,4,striker,blue,10,,,,,5,5,5,5,5
Guerlain,Medusa,100,532992,6,6,18,6,6,6,4,raider,blue,,,,10,,5,5,5,5,5
Guerlain,JeanGrey,100,972588,7,8,19,7,7,7,5,raider,purple,,,,13,,3,3,3,3,3
Guerlain,OmegaRedPhoenix,100,732931,4,4,19,7,7,7,5,striker,purple,13,,,,,3,3,3,3,3
Guerlain,SuperSkrull,100,617121,7,4,19,7,7,7,5,striker,purple,13,,,,,3,3,3,3,3
Guerlain,Hercules,100,1063102,7,9,19,6,6,7,5,striker,purple,13,,,,,3,3,3,3,3
Guerlain,PeggyCarter,90,342882,6,6,17,6,6,6,4,striker,purple,13,,,,,3,3,3,3,3
Guerlain,Lilandra,100,949975,7,9,19,6,6,6,4,raider,purple,,,,13,,3,3,3,3,3
Guerlain,FalconJoaquin,90,349971,6,6,17,6,6,6,5,striker,purple,13,,,,,3,3,3,3,3
Guerlain,Patriot,90,351812,6,6,17,7,6,6,4,raider,purple,,,,13,,3,3,3,3,3
Guerlain,HowardTheDuck,100,621512,6,6,18,6,6,6,4,raider,purple,,,,13,,3,3,3,3,3
Guerlain,Havok,100,970874,7,9,19,6,6,6,4,striker,purple,13,,,,,3,3,3,3,3
Guerlain,DaredevilModern,100,692537,5,5,19,7,7,6,5,striker,purple,13,6,6,6,6,3,3,3,3,3
Guerlain,SilverSable,100,650390,5,5,19,6,6,6,4,raider,purple,6,6,6,13,6,3,3,3,3,3
Guerlain,HitMonkey,100,747049,6,6,19,6,7,6,4,raider,purple,6,6,6,13,6,3,3,3,3,3
Guerlain,Knull,100,886678,7,4,19,7,7,7,5,raider,purple,5,5,5,14,5,4,4,4,4,4
Guerlain,VictoriaHand,100,875483,7,8,19,6,6,6,4,striker,purple,13,13,13,13,13,3,3,3,3,3
Guerlain,Quasar,105,1037812,7,4,20,6,6,6,5,healer,purple,13,,13,,,3,3,3,3,3
Guerlain,Hyperion,100,659879,5,5,19,6,6,6,4,striker,purple,13,13,13,13,13,3,3,3,3,3
Guerlain,Songbird,100,698694,5,5,19,6,6,6,4,raider,purple,13,13,13,13,13,3,3,3,3,3
Guerlain,Hellverine,100,572335,4,4,19,6,6,6,4,raider,purple,13,13,13,13,13,3,3,3,3,3
Guerlain,TheHood,100,568035,4,4,19,6,6,6,4,raider,purple,13,13,13,13,13,3,3,3,3,3
Guerlain,Satana,60,80839,5,5,11,6,6,6,4,striker,,5,,,,,5,5,5,5,5
Guerlain,InvisibleWomanMCU,100,911246,6,6,19,7,7,7,5,raider,purple,,,,13,,3,3,3,3,3
Guerlain,MrFantasticMCU,100,1031859,7,9,19,7,7,7,5,fortifier,purple,,10,,,,3,3,3,,3
Guerlain,FranklinRichards,100,935108,6,6,19,7,7,7,5,striker,purple,14,,,,,4,4,4,4,4
Guerlain,Blastaar,105,1350340,7,7,19,7,7,7,5,striker,purple,13,,,,,4,3,4,3,4
Guerlain,Azazel,100,723818,5,5,19,7,7,7,5,raider,purple,,,,13,,3,3,3,3,3
Guerlain,RachelSummers,96,411899,4,4,18,6,6,6,5,raider,purple,,,,13,,3,3,3,3,3
Guerlain,SebastianShaw,95,451104,4,4,18,7,7,7,5,striker,purple,13,,,,,3,3,3,3,3
Guerlain,Scorpion,100,533304,4,4,19,6,6,6,5,striker,purple,13,,,,,3,3,3,3,3
Guerlain,Hobgoblin,100,549113,4,4,19,6,6,6,4,raider,purple,,,,13,,3,3,3,3,3
Guerlain,SuperiorSpiderMan,92,180430,3,3,17,7,7,7,5,,,,,,,,,,,,
Guerlain,DaimonHellstrom,105,881072,4,4,19,7,7,7,5,raider,purple,,,,14,,4,4,4,4,4
Guerlain,Odin,105,1612073,7,6,19,7,7,7,5,raider,purple,,,,14,,4,4,4,4,4
Guerlain,Mephisto,100,1295899,7,10,19,7,7,7,5,striker,purple,14,,,,,4,4,4,4,4
Guerlain,PhantomRider,1,297,3,3,1,1,1,,,,,,,,,,,,,,
Guerlain,ZombieKestrel,105,817892,3,1,20,7,7,7,5,raider,purple,,,,13,,3,3,3,3,3
Guerlain,LivingMummy,1,296,3,3,1,1,1,,,,,,,,,,,,,,
Guerlain,Hellcat,1,297,3,3,1,1,1,,,,,,,,,,,,,,
Guerlain,Thunderstrike,100,699676,6,2,19,7,7,7,5,raider,purple,,,,13,,3,3,3,3,3
Guerlain,LadyBullseye,100,438263,3,3,18,6,6,6,4,raider,purple,,,,11,,1,1,1,1,1
Guerlain,SwordMaster,100,426475,3,3,18,6,6,6,4,striker,purple,11,,,,,1,1,1,1,1
Guerlain,SteelSerpent,100,375037,3,3,18,6,6,6,5,skirmisher,purple,,,,,11,1,1,1,1,1
Guerlain,Sentry,105,86973,5,,19,1,1,1,1,,,,,,,,,,,,
CookieThiago,ShieldSupport_Heal,70,101841,7,10,12,6,6,,5,healer,,,,1,,,1,1,1,1,1
CookieThiago,SpiderMan,105,1075579,7,11,20,6,7,6,5,raider,purple,13,13,13,13,13,3,3,3,3,3
CookieThiago,LukeCage,82,187050,7,8,15,6,6,6,5,healer,blue,,,10,,,5,5,5,5,5
CookieThiago,Punisher,105,1609005,7,10,20,7,7,7,5,striker,purple,13,,,3,,3,3,3,3,3
CookieThiago,Elektra,105,1401969,7,10,19,7,7,7,5,skirmisher,purple,,,,,13,3,3,3,3,3
CookieThiago,Crossbones,70,79595,7,7,12,6,6,6,4,raider,,,,,1,,1,1,1,1,1
CookieThiago,HandSupport_Heal,50,34794,7,7,9,5,5,,3,,,,,,,,,,,,
CookieThiago,MercDmg_General,50,34583,7,7,8,5,5,,3,striker,,3,,,,,3,3,3,3,3
CookieThiago,ShieldSupport_Stealth,47,29467,7,7,8,5,4,,3,,,,,,,,,,,,
CookieThiago,RavagerTank_Taunt,65,84511,7,7,12,7,6,,5,skirmisher,,,,,,5,5,5,5,5,5
CookieThiago,HandDmg_Bonus,52,33890,7,7,8,5,5,,3,,,,,,,,,,,,
CookieThiago,ShieldDmg_AoE,70,80566,7,7,12,6,6,,5,raider,,,,,1,,1,1,1,1,1
CookieThiago,Korath,61,75552,7,9,11,6,6,6,4,,,,,,,,,,,,
CookieThiago,HandControl_HealBlock,60,52975,7,7,10,6,6,,4,,,,,,,,,,,,
CookieThiago,Quake,105,1450821,7,10,19,7,7,7,5,striker,purple,13,12,12,12,12,3,3,3,3,3
CookieThiago,HandDmg_Unbuff,58,47308,7,7,9,6,6,,4,,,,,,,,,,,,
CookieThiago,JessicaJones,105,1661672,7,10,19,7,7,7,5,skirmisher,purple,,,,,13,3,3,3,3,3
CookieThiago,Daredevil,100,1451162,7,10,19,7,7,7,5,raider,purple,,,,14,,4,4,4,4,4
CookieThiago,HandTank_Stealth,60,53143,7,7,10,6,6,,4,,,,,,,,,,,,
CookieThiago,HydraTank_Taunt,60,57926,7,7,11,6,6,,4,,,,,,,,,,,,
CookieThiago,RavagerDmg_AoE,65,83149,7,7,12,7,6,,5,skirmisher,,,,5,,5,5,5,5,5,5
CookieThiago,Wolverine,105,1937393,7,10,20,7,7,7,5,raider,purple,13,13,13,13,13,3,3,3,3,3
CookieThiago,MercTank_Debuff,75,115304,7,7,14,6,6,,5,healer,blue,,,8,,,3,3,3,3,3
CookieThiago,Ronan,60,69904,7,9,10,6,6,6,4,,,,,,,,,,,,
CookieThiago,HydraSupport_Heal,63,59962,7,7,11,6,6,,4,,,,,,,,,,,,
CookieThiago,Yondu,75,143152,7,9,13,6,7,6,5,striker,blue,8,,,,,3,3,3,3,3
CookieThiago,Drax,66,80701,7,9,11,6,6,6,4,healer,,,,1,,,1,1,1,1,1
CookieThiago,Hulk,100,661719,7,9,19,7,7,7,5,healer,purple,9,,13,,,3,3,3,3,3
CookieThiago,NightNurse,75,131923,7,8,14,6,7,7,5,healer,,,,3,,,3,3,3,3,3
CookieThiago,HydraDmg_AoE,75,99797,7,7,14,6,6,,4,raider,,,,,3,,3,5,3,3,3
CookieThiago,Gamora,100,664576,7,9,19,7,7,7,5,skirmisher,purple,10,,,,13,3,3,3,3,3
CookieThiago,Thor,90,253145,7,8,16,7,6,7,5,raider,blue,1,,4,8,,3,3,3,3,3
CookieThiago,IronFist,105,1602250,7,10,20,7,7,7,5,striker,purple,13,,13,,,3,3,3,3,3
CookieThiago,AimTank_Taunt,60,58886,7,7,11,6,6,,4,,,,,,,,,,,,
CookieThiago,KreeTank_Counter,63,56272,7,7,10,6,6,,4,,,,,,,,,,,,
CookieThiago,HydraDmg_Buff,64,63499,7,7,11,6,6,,5,,,,,,,,,,,,
CookieThiago,RavagerSupport_Heal,65,85238,7,7,12,7,6,,5,skirmisher,,,,5,,5,5,5,5,5,5
CookieThiago,HydraDmg_Single,60,57431,7,7,11,6,6,,4,,,,,,,,,,,,
CookieThiago,Thanos,100,1246312,7,10,19,7,7,7,5,striker,purple,13,,,8,,3,3,3,3,3
CookieThiago,KreeControl_Assist,58,43261,7,7,8,6,6,,4,,,,,,,,,,,,
CookieThiago,Nebula,95,452071,7,10,18,7,7,7,5,skirmisher,blue,,,,,10,5,5,5,5,5
CookieThiago,ShieldTank_Stun,70,84838,7,7,12,6,7,,4,fortifier,,,1,,,,1,1,1,1,1
CookieThiago,Bullseye,60,67922,7,9,10,6,6,6,4,,,,,,,,,,,,
CookieThiago,ShieldDmg_Defense,70,75223,7,7,12,6,6,,5,,,,,,,,,,,,
CookieThiago,MercDmg_Single,1,671,7,7,1,1,1,,,,,,,,,,,,,,
CookieThiago,WinterSoldier,95,397391,7,9,16,7,7,7,5,striker,blue,10,,,,,5,5,5,5,5
CookieThiago,CaptainAmerica,105,1289252,7,11,20,7,7,7,5,fortifier,purple,13,13,13,13,13,3,3,3,3,3
CookieThiago,Hawkeye,65,83634,7,7,12,6,6,6,5,skirmisher,,,,,,4,4,4,4,4,4
CookieThiago,ScientistSupreme,105,1555328,7,10,20,7,7,7,5,healer,purple,,,13,,,3,3,3,3,3
CookieThiago,AimSupport_Heal,1,670,7,7,1,1,1,,,,,,,,,,,,,,
CookieThiago,Vision,105,1302674,7,9,19,7,7,7,5,skirmisher,purple,,,,9,13,3,3,3,3,3
CookieThiago,KreeSupport_HoT,59,43813,7,7,8,6,6,,4,,,,,,,,,,,,
CookieThiago,Kingpin,70,115659,7,9,13,6,6,6,4,fortifier,,,5,,,,5,5,5,5,5
CookieThiago,Deadpool,110,3391047,7,12,20,7,7,7,5,raider,purple,13,13,13,14,13,4,4,4,4,4
CookieThiago,AimDmg_Speed,60,59138,7,7,11,6,6,,4,,,,,,,,,,,,
CookieThiago,MercSupport_Buffs,75,118489,7,7,14,7,6,,5,healer,blue,1,,8,,,3,3,3,3,3
CookieThiago,BlackWidow,105,1791456,7,10,20,7,7,7,5,striker,purple,13,,,,10,3,3,3,3,3
CookieThiago,Cable,105,1271594,7,10,19,7,7,7,5,striker,purple,13,,,4,,3,3,3,3,3
CookieThiago,AimDmg_Offense,62,59301,7,7,11,6,6,,4,,,,,,,,,,,,
CookieThiago,KreeDmg_Offense,60,48164,7,7,9,6,6,,4,,,,,,,,,,,,
CookieThiago,BaronMordo,105,1310977,7,9,19,7,7,7,5,striker,purple,13,,,,5,3,3,3,3,3
CookieThiago,AimControl_Infect,1,670,7,7,1,1,1,,,,,,,,,,,,,,
CookieThiago,KreeDmg_Speed,58,47604,7,7,9,6,6,,4,,,,,,,,,,,,
CookieThiago,AntMan,100,1184899,7,10,19,7,7,7,5,skirmisher,purple,,,,,14,4,4,4,4,4
CookieThiago,Groot,105,1559354,7,10,20,7,7,7,5,healer,purple,,,13,,,3,3,3,3,3
CookieThiago,RocketRaccoon,105,1429761,7,10,19,7,7,7,5,raider,purple,,,,13,,3,3,3,3,3
CookieThiago,Nobu,60,62998,7,9,9,6,6,6,4,,,,,,,,,,,,
CookieThiago,DoctorStrange,105,1334293,7,10,19,7,7,8,6,striker,purple,13,1,12,,,3,3,3,3,3
CookieThiago,Wasp,100,1014737,7,10,19,7,7,7,5,striker,purple,13,,,,,3,3,3,3,3
CookieThiago,ScarletWitch,105,1281503,7,9,19,7,7,7,5,skirmisher,purple,9,,,,13,3,3,3,3,3
CookieThiago,MsMarvel,105,1482782,7,10,19,7,7,7,5,skirmisher,purple,,,,,13,3,3,3,3,4
CookieThiago,IronMan,105,927827,7,9,19,7,7,7,5,striker,purple,13,,,10,,3,3,3,3,3
CookieThiago,BlackPanther,95,400802,7,9,17,7,7,7,5,striker,blue,9,,,,,4,4,4,4,4
CookieThiago,Storm,105,1367410,7,10,19,7,7,7,5,striker,purple,13,,,5,,3,3,3,3,3
CookieThiago,Venom,100,646645,7,8,19,7,7,7,5,striker,purple,13,,,,,3,3,3,3,3
CookieThiago,Loki,100,693638,7,9,19,7,7,7,5,skirmisher,purple,,,5,,14,4,4,4,4,4
CookieThiago,StarLord,100,1695809,7,12,19,8,8,8,5,skirmisher,purple,,,,3,13,3,3,3,3,3
CookieThiago,Mystique,75,151807,7,8,14,7,7,6,5,skirmisher,blue,,,4,1,8,3,3,3,3,3
CookieThiago,Juggernaut,105,1262139,7,10,19,7,7,7,5,fortifier,purple,3,13,,,,3,3,3,3,3
CookieThiago,Pyro,70,113663,7,10,12,6,7,6,4,striker,,3,,,,,3,3,3,3,3
CookieThiago,UltSpiderMan,105,1652295,7,10,19,7,7,7,5,striker,purple,13,,,,,3,3,3,3,3
CookieThiago,NickFury,100,599482,7,8,19,7,7,7,5,healer,purple,,8,13,,,3,3,3,3,3
CookieThiago,Sabretooth,100,660972,7,9,19,7,7,7,5,raider,purple,,,3,13,,3,3,3,3,3
CookieThiago,UltGreenGoblin,51,44116,7,9,8,5,5,5,3,,,,,,,,,,,,
CookieThiago,WarMachine,105,1444468,7,10,19,7,7,7,5,raider,purple,,,,13,,3,3,3,3,3
CookieThiago,Mantis,55,57979,7,9,10,6,5,5,4,,,,,,,,,,,,
CookieThiago,Minerva,85,206119,7,9,16,6,6,6,5,healer,blue,,,8,,,3,3,3,3,3
CookieThiago,CaptainMarvel,100,719378,7,9,19,7,7,7,5,striker,purple,13,,,,,3,3,3,3,3
CookieThiago,Killmonger,70,109995,7,8,13,6,6,7,5,raider,,,,,3,,3,3,3,3,3
CookieThiago,Magneto,95,404757,7,9,17,7,7,7,5,skirmisher,blue,8,,,3,10,5,5,5,5,5
CookieThiago,Carnage,102,763963,7,9,19,7,7,7,5,skirmisher,purple,10,,8,,13,3,3,3,3,3
CookieThiago,MBaku,45,25283,7,8,6,5,4,4,3,,,,,,,,,,,,
CookieThiago,Okoye,90,301375,7,9,17,7,6,7,5,skirmisher,blue,,,,,9,4,4,4,4,4
CookieThiago,Falcon,105,1322724,7,10,19,7,7,7,5,raider,purple,4,,13,13,,3,3,3,3,3
CookieThiago,Ultimus,100,957938,7,10,19,7,7,7,5,striker,purple,13,,,10,13,3,3,3,3,3
CookieThiago,Rescue,100,653429,7,8,19,7,7,7,5,healer,purple,,,13,,,3,3,3,3,3
CookieThiago,Psylocke,95,407077,7,10,17,6,6,7,5,striker,blue,10,,,,1,5,5,5,5,5
CookieThiago,Colossus,75,149802,7,9,14,7,6,6,5,healer,,,,3,,,3,3,3,3,3
CookieThiago,AmericaChavez,87,276820,7,10,16,7,7,6,5,striker,blue,8,,,,,3,3,4,3,3
CookieThiago,Phoenix,105,1545709,7,10,19,7,7,8,5,striker,purple,13,,,,12,3,3,3,3,3
CookieThiago,Ultron,100,609406,7,8,19,7,7,7,5,striker,purple,13,9,8,,,3,3,3,3,3
CookieThiago,Rhino,65,92581,7,8,12,6,6,6,4,fortifier,,,3,,,,3,3,3,3,3
CookieThiago,Shocker,105,1600465,7,10,20,7,7,7,5,raider,purple,13,,,13,,3,3,3,3,3
CookieThiago,Thing,105,1360717,7,10,19,7,7,7,5,raider,purple,10,,,13,,3,3,3,3,3
CookieThiago,Vulture,105,1665457,7,10,20,7,7,7,5,raider,purple,10,,,13,9,3,3,3,3,3
CookieThiago,Mysterio,105,964066,7,10,19,7,7,7,5,skirmisher,purple,,,,,13,3,3,3,3,3
CookieThiago,InvisibleWoman,105,1516923,7,10,19,7,7,7,5,striker,purple,13,,13,,,3,3,3,3,3
CookieThiago,Namor,105,993463,7,10,19,7,7,7,5,striker,purple,13,,,10,,3,3,3,3,3
CookieThiago,HumanTorch,105,1545585,7,10,19,7,7,7,5,striker,purple,14,,,,,4,4,4,4,4
CookieThiago,MrFantastic,100,741443,7,10,19,7,7,7,5,skirmisher,purple,,,,,13,3,3,3,3,3
CookieThiago,Graviton,60,71846,7,8,11,6,6,6,4,,,,,,,,,,,,
CookieThiago,Coulson,100,634252,7,10,19,6,7,7,5,striker,blue,9,,,5,,4,4,4,4,4
CookieThiago,GhostRider,80,203977,7,9,15,6,7,6,5,striker,blue,8,,,1,,3,3,3,3,3
CookieThiago,Shuri,95,415592,7,8,18,7,7,7,5,healer,blue,,,10,,4,5,5,5,5,5
CookieThiago,Hela,105,1443597,7,10,19,7,7,7,5,raider,purple,1,,,13,,3,3,3,3,3
CookieThiago,ElsaBloodstone,105,1475363,7,10,19,7,7,7,5,raider,purple,,,1,13,,3,3,3,3,3
CookieThiago,MrSinister,100,578883,7,8,19,7,7,7,5,healer,purple,,,12,,,2,2,2,2,2
CookieThiago,Stryfe,80,173910,7,9,14,7,6,6,5,healer,blue,,3,8,,,3,3,3,3,3
CookieThiago,Sif,80,158330,7,7,15,6,6,6,5,raider,blue,,1,8,8,,3,3,3,3,3
CookieThiago,Heimdall,78,180044,7,10,14,6,6,6,5,raider,blue,,,8,8,,3,3,3,3,3
CookieThiago,YoYo,105,1517822,7,10,19,7,7,7,5,raider,purple,12,12,12,13,12,3,3,3,3,3
CookieThiago,Crystal,70,95681,7,8,12,6,6,6,5,raider,,,,,3,,3,5,3,3,3
CookieThiago,Cyclops,100,731321,7,10,19,7,7,7,5,raider,purple,,,,13,,3,3,3,3,3
CookieThiago,SymbioteSpiderMan,85,301925,7,11,15,7,7,7,5,raider,blue,,,8,8,,3,3,3,3,3
CookieThiago,Blob,70,101830,7,9,12,6,6,6,4,striker,,4,,,,,4,4,4,4,4
CookieThiago,Toad,70,90936,7,8,12,6,6,6,4,skirmisher,,1,,,,3,3,3,3,3,3
CookieThiago,RedSkull,70,95330,7,9,12,6,6,6,5,healer,,,,1,,,2,2,3,2,2
CookieThiago,Karnak,60,65752,7,8,10,6,6,6,4,skirmisher,,,,,,1,1,1,1,1,1
CookieThiago,BlackBolt,105,1042245,7,10,19,7,7,7,5,striker,purple,13,,,,1,3,3,3,3,3
CookieThiago,Taskmaster,105,1428299,7,10,19,7,7,7,5,skirmisher,purple,,,,9,13,3,3,3,3,3
CookieThiago,CorvusGlaive,85,187817,7,8,14,7,6,6,5,striker,blue,8,1,1,1,1,3,3,3,3,3
CookieThiago,ProximaMidnight,85,219316,7,8,15,7,7,7,5,striker,blue,8,,,,,3,3,3,3,3
CookieThiago,CullObsidian,85,197769,7,8,14,6,6,7,5,striker,blue,8,,3,1,,3,3,3,3,3
CookieThiago,EbonyMaw,85,203241,7,7,15,6,7,7,5,skirmisher,blue,,,,,8,3,3,3,3,3
CookieThiago,Domino,105,1444058,7,10,19,7,7,7,5,raider,purple,12,12,12,13,12,3,3,3,3,3
CookieThiago,Ironheart,100,1073277,7,10,19,7,7,7,5,raider,purple,,,,13,,3,3,3,3,3
CookieThiago,Negasonic,105,1337066,7,10,19,7,7,7,5,raider,purple,12,12,12,13,12,3,3,3,3,3
CookieThiago,X23,76,163270,7,9,14,6,6,7,5,raider,,,,,4,,5,5,5,5,5
CookieThiago,SquirrelGirl,110,2259573,7,10,19,7,7,7,5,healer,purple,8,,14,,,4,4,4,4,4
CookieThiago,EmmaFrost,105,1361438,7,10,19,7,7,7,5,healer,purple,5,5,13,5,12,3,3,3,3,3
CookieThiago,Zemo,100,664104,7,10,19,7,7,7,5,raider,purple,,8,,14,8,4,4,4,4,4
CookieThiago,Beast,105,1310715,7,10,19,7,7,7,5,healer,purple,,,13,,,3,3,3,3,3
CookieThiago,Scream,100,934599,7,12,19,7,7,7,5,striker,purple,14,,,,,4,4,4,4,4
CookieThiago,AntiVenom,85,228486,7,9,15,7,7,7,5,striker,blue,8,,,,,3,3,3,3,3
CookieThiago,Electro,65,100695,7,8,12,6,6,6,5,skirmisher,,,,,3,5,5,5,5,5,5
CookieThiago,Ghost,105,1363990,7,10,19,7,7,7,5,raider,purple,10,,,13,,3,3,3,3,3
CookieThiago,Stature,60,69892,7,8,11,6,6,6,4,striker,,1,,,,,1,1,1,1,1
CookieThiago,Yellowjacket,100,1096354,7,10,19,7,7,7,5,striker,purple,14,,,,,4,4,4,4,4
CookieThiago,Swarm,100,1159312,7,10,19,7,7,7,5,striker,purple,14,,,,,4,4,4,4,4
CookieThiago,SheHulk,110,2346819,7,10,20,7,7,7,5,skirmisher,purple,,,,,14,4,4,4,4,4
CookieThiago,Longshot,83,243540,7,10,15,7,7,7,5,raider,blue,,,,9,,4,4,4,4,4
CookieThiago,DoctorOctopus,105,1023761,7,10,19,7,7,7,5,skirmisher,purple,10,,10,,13,3,3,3,3,3
CookieThiago,RedGuardian,105,2206909,7,11,20,7,7,7,5,healer,purple,,,13,,,3,3,3,3,3
CookieThiago,Yelena,110,3779449,7,12,21,7,7,7,5,skirmisher,purple,,,,,15,5,5,5,5,5
CookieThiago,Shatterstar,83,192792,7,8,15,6,6,7,5,raider,blue,,,,8,,3,3,3,3,3
CookieThiago,Jubilee,90,486458,7,10,16,7,7,7,5,skirmisher,blue,8,,,,8,3,3,3,3,3
CookieThiago,KittyPryde,85,242532,7,10,15,7,7,6,5,skirmisher,blue,,,,,8,3,3,3,3,3
CookieThiago,Iceman,85,183460,7,8,15,6,6,6,5,skirmisher,blue,,,,,8,3,3,3,3,3
CookieThiago,Bishop,90,263214,7,9,16,6,7,7,5,striker,blue,8,,,,,3,3,3,3,3
CookieThiago,WhiteTiger,80,178747,7,9,15,6,7,7,5,striker,,4,,,,,4,4,4,4,4
CookieThiago,Doom,105,929801,7,9,19,7,7,7,5,skirmisher,purple,9,,,9,13,3,3,3,3,3
CookieThiago,SilverSurfer,100,965709,7,9,19,7,7,7,5,striker,purple,13,,,,,3,3,3,3,3
CookieThiago,MoonKnight,105,1264789,7,10,19,7,7,7,5,raider,purple,,,,13,,3,3,3,3,3
CookieThiago,Sybil,105,1197348,7,11,19,7,7,7,5,striker,purple,13,,,,9,3,3,3,3,3
CookieThiago,Polaris,105,1354445,7,10,19,7,7,7,5,raider,purple,,,,13,,3,3,3,3,3
CookieThiago,ColleenWing,84,247646,7,10,15,6,6,7,5,striker,blue,10,,,,,5,5,5,5,5
CookieThiago,MistyKnight,85,236380,7,9,16,7,6,6,5,skirmisher,blue,,,,,10,5,5,5,5,5
CookieThiago,MultipleMan,75,132153,7,8,14,6,6,7,5,striker,blue,1,,8,1,,3,3,3,3,3
CookieThiago,PhylaVell,100,696602,7,9,19,7,7,7,5,raider,purple,10,8,,14,,4,4,4,4,4
CookieThiago,Moondragon,105,1388627,7,10,19,7,7,8,6,striker,purple,13,,10,,,3,3,3,3,3
CookieThiago,AdamWarlock,100,1307132,7,10,19,7,8,8,6,striker,purple,13,,,13,12,3,3,3,3,3
CookieThiago,MariaHill,89,250721,7,8,16,6,7,7,5,healer,blue,,,8,,,3,3,3,3,3
CookieThiago,SharonCarter,90,252961,7,8,16,6,7,7,4,striker,blue,8,,,,,3,3,3,3,3
CookieThiago,SamWilson,105,1437470,7,10,19,7,7,7,5,healer,purple,1,,13,,13,3,3,3,3,3
CookieThiago,Deathpool,105,1061286,7,10,19,7,7,7,5,striker,purple,13,,,12,,3,3,3,3,3
CookieThiago,ShangChi,95,441845,7,9,18,7,7,7,5,raider,blue,1,,,10,,5,5,5,5,5
CookieThiago,Cloak,100,647352,7,9,19,7,7,7,5,skirmisher,purple,10,,,,12,2,2,2,2,2
CookieThiago,Dagger,100,678581,7,9,19,7,7,7,5,striker,purple,13,,,,,3,3,3,3,3
CookieThiago,SilverSamurai,100,639159,7,9,19,7,7,7,5,skirmisher,purple,,,,,13,3,3,3,3,3
CookieThiago,LadyDeathstrike,105,1588201,7,10,20,7,7,7,5,striker,purple,13,,,,9,3,3,3,3,3
CookieThiago,OmegaRed,105,1776318,7,10,19,7,7,7,5,striker,purple,13,1,,,12,3,3,3,3,3
CookieThiago,Sersi,100,697920,7,9,19,7,7,7,5,skirmisher,purple,,,,,13,3,3,3,3,3
CookieThiago,Ikaris,100,739914,7,10,19,7,7,7,5,striker,purple,13,,,,,3,3,3,3,3
CookieThiago,ScarletSpider,85,277449,7,10,16,6,7,6,5,raider,blue,,,,9,,4,4,4,4,4
CookieThiago,GhostSpider,105,1017202,7,10,19,7,7,7,5,raider,purple,,,,13,,3,3,3,3,3
CookieThiago,Magik,105,1521360,7,10,20,7,7,7,5,skirmisher,purple,4,,,,13,3,3,3,3,3
CookieThiago,SpiderPunk,85,228498,7,8,16,6,6,7,5,raider,blue,,,,9,,5,4,4,4,5
CookieThiago,TChalla,85,214138,7,8,16,6,7,7,4,skirmisher,blue,,,,,8,3,3,3,3,3
CookieThiago,Echo,100,621769,7,9,19,7,7,7,5,fortifier,purple,12,13,,,8,3,3,3,3,3
CookieThiago,KateBishop,87,246606,7,8,16,7,7,7,5,striker,blue,9,,,,,4,4,4,4,4
CookieThiago,DoctorVoodoo,80,226297,7,10,15,7,7,7,5,healer,blue,,,8,,8,3,3,3,3,3
CookieThiago,Morbius,83,214274,7,8,15,7,7,7,5,striker,blue,8,,,,,3,3,3,3,3
CookieThiago,StrangeSupreme,105,1620402,7,10,19,7,7,7,5,raider,purple,10,,,13,,3,3,3,3,3
CookieThiago,MorganLeFay,105,931709,7,8,19,7,8,7,6,skirmisher,purple,10,,,10,13,3,3,3,3,3
CookieThiago,Dormammu,105,1002975,7,9,19,7,7,7,5,skirmisher,purple,10,,,,13,3,3,3,3,3
CookieThiago,Wong,95,363266,7,8,17,6,6,7,5,striker,blue,10,,,,,5,5,5,5,5
CookieThiago,AgathaHarkness,105,1354050,7,10,19,7,7,7,5,raider,purple,,,,13,13,3,3,3,3,3
CookieThiago,MadelynePryor,105,1339119,7,10,19,7,7,7,5,striker,purple,13,,,,,3,3,3,3,3
CookieThiago,SpiderWoman,100,729979,7,9,19,7,7,7,5,striker,purple,13,,,,,3,3,3,3,3
CookieThiago,NicoMinoru,100,713367,7,9,19,7,7,7,5,skirmisher,purple,,,,,13,3,3,3,3,3
CookieThiago,Fantomex,90,314400,7,10,17,6,7,6,5,raider,blue,,,,10,,5,5,5,5,5
CookieThiago,Gambit,105,1024212,7,10,19,7,7,7,5,raider,purple,,,,13,,3,3,3,3,3
CookieThiago,Dazzler,90,283325,7,8,17,7,6,7,5,raider,blue,,,,10,,5,5,5,5,5
CookieThiago,Rogue,105,1429004,7,12,19,8,7,7,6,striker,purple,13,,,10,9,3,3,3,3,3
CookieThiago,Sunfire,100,727261,7,10,19,7,7,7,5,striker,purple,13,,,9,,3,3,3,3,3
CookieThiago,JaneThor,85,238050,7,9,16,6,6,7,5,raider,blue,8,,,8,,3,3,3,3,3
CookieThiago,Valkyrie,100,565467,7,7,19,7,7,7,5,raider,purple,,,8,13,,3,3,3,3,3
CookieThiago,VivVision,95,536242,7,10,18,7,7,7,5,raider,purple,,,,14,,4,4,4,4,4
CookieThiago,Deathlok,90,317959,7,10,16,7,7,7,5,raider,blue,,,,8,,3,3,3,3,3
CookieThiago,Hulkbuster,92,271276,7,7,16,6,7,7,5,striker,blue,9,,,,,4,4,4,4,4
CookieThiago,Abomination,100,723885,7,9,19,7,7,7,5,raider,purple,,,,13,,3,3,3,3,3
CookieThiago,AmadeusCho,105,1628894,7,10,19,7,7,7,5,striker,purple,13,,,,,3,3,3,3,3
CookieThiago,RedHulk,105,994263,7,9,19,7,8,7,6,striker,purple,13,,,10,,3,3,3,3,3
CookieThiago,SpiderWeaver,105,1207842,7,11,19,7,7,7,5,striker,purple,13,,,,,3,3,3,3,3
CookieThiago,SpiderManNoir,105,993357,7,10,19,7,7,7,5,raider,purple,8,8,,13,,3,3,3,3,3
CookieThiago,SpiderMan2099,100,573304,7,8,18,7,7,7,5,skirmisher,purple,,,,8,13,3,3,3,3,3
CookieThiago,ZombieIronMan,105,1436544,7,10,19,7,7,7,5,striker,purple,13,,,,9,3,3,3,3,3
CookieThiago,BlackPantherBC,100,464594,7,8,16,6,7,7,5,striker,blue,9,,,,,4,4,4,4,4
CookieThiago,Nakia,100,569113,7,10,17,7,7,7,5,striker,blue,9,,,,,4,4,4,4,4
CookieThiago,DarkBeast,95,505691,7,10,18,7,7,7,5,skirmisher,purple,,,,,13,3,3,3,3,3
CookieThiago,Archangel,95,424218,7,7,18,7,7,8,6,striker,blue,10,,,,,5,5,5,5,5
CookieThiago,Nemesis,95,451405,7,9,18,7,7,7,5,striker,blue,10,,,,,5,5,5,5,5
CookieThiago,MrNegative,1,803,7,9,1,1,1,,,,,,,,,,,,,,
CookieThiago,USAgent,95,507059,7,11,16,7,7,7,5,raider,blue,,,,10,,5,5,5,5,5
CookieThiago,CaptainCarter,100,727770,7,9,19,7,7,7,5,healer,purple,5,5,13,5,5,3,3,3,3,3
CookieThiago,AgentVenom,95,630428,7,12,18,6,7,7,5,raider,blue,,,,9,,4,4,4,4,4
CookieThiago,AbsorbingMan,100,559556,7,8,18,7,7,7,5,skirmisher,purple,9,,,9,12,2,2,2,2,2
CookieThiago,Titania,100,581273,7,8,19,7,7,7,5,raider,purple,9,,,9,12,2,2,2,2,2
CookieThiago,KangTheConqueror,105,1047353,7,10,19,7,7,7,5,raider,purple,13,,,13,,3,3,3,3,3
CookieThiago,Apocalypse,105,1288611,7,10,20,8,8,8,6,striker,purple,13,,,,13,3,3,3,3,3
CookieThiago,Moonstone,100,637235,7,8,19,7,7,7,5,striker,purple,13,,,,,3,3,3,3,3
CookieThiago,CaptainAmericaWW2,97,514256,7,9,18,7,7,7,5,skirmisher,purple,,,,,13,3,3,3,3,3
CookieThiago,UnionJack,97,515591,7,9,18,7,7,7,5,raider,purple,,,,13,,3,3,3,3,3
CookieThiago,BuckyBarnes,97,464219,7,8,18,7,7,7,5,striker,blue,10,,,,,5,5,5,5,5
CookieThiago,Quicksilver,105,982969,7,9,19,7,7,7,5,striker,purple,13,,,,,3,3,3,3,3
CookieThiago,IronFistOrson,105,1531746,7,10,20,7,7,7,5,striker,purple,13,,,10,,3,3,3,3,3
CookieThiago,Nova,105,1039894,7,9,19,8,8,7,6,striker,purple,13,,,,9,3,3,3,3,3
CookieThiago,Firestar,102,813628,7,10,19,7,7,7,5,raider,purple,11,,,13,,3,3,3,3,3
CookieThiago,Gwenpool,110,3057314,7,11,20,7,7,7,5,skirmisher,purple,10,,,12,14,4,4,4,4,4
CookieThiago,Cosmo,105,958811,7,10,19,7,7,7,5,skirmisher,purple,,,,,13,3,3,3,3,3
CookieThiago,Korg,105,960905,7,10,19,7,7,7,5,striker,purple,13,,,,,3,3,3,3,3
CookieThiago,StarLord_Annihilation,105,948084,7,10,19,7,7,7,5,skirmisher,purple,,,,,13,3,3,3,3,3
CookieThiago,Vahl,100,861730,7,10,19,7,7,7,5,striker,purple,13,,,,10,3,3,3,3,3
CookieThiago,Thor_InfinityWar,105,962589,7,10,19,7,7,7,5,striker,purple,13,,,,,3,3,3,3,3
CookieThiago,LokiTeen,100,654744,7,8,19,7,7,7,5,skirmisher,purple,,,,,13,3,3,3,3,3
CookieThiago,SpiderManBigTime,105,2081343,7,10,20,7,7,7,5,skirmisher,purple,12,,,,13,3,3,3,3,3
CookieThiago,BetaRayBill,100,652747,7,8,19,7,7,7,5,raider,purple,,,,13,,3,3,3,3,3
CookieThiago,Sylvie,100,1212985,7,9,19,7,7,7,5,raider,purple,10,,,13,10,3,3,3,3,3
CookieThiago,Photon,100,723926,7,9,19,7,7,7,5,striker,purple,13,,,,,3,3,3,3,3
CookieThiago,KamalaKhan,100,762938,7,10,19,7,7,7,5,skirmisher,purple,10,,,,13,3,3,3,3,3
CookieThiago,BlackCat,105,1041466,7,9,19,8,7,8,6,striker,purple,13,,,,13,3,3,3,3,3
CookieThiago,GhostRiderRobbie,100,787920,7,10,19,7,7,7,5,raider,purple,10,,,13,,3,3,3,3,3
CookieThiago,Ronin,100,707572,7,9,19,7,7,7,5,raider,purple,8,5,5,13,5,3,3,3,3,3
CookieThiago,Mockingbird,100,676325,7,9,19,7,7,7,5,healer,purple,5,5,13,5,5,3,3,3,3,3
CookieThiago,SuperSkrull,105,1185733,7,10,19,7,7,7,5,striker,purple,13,,,10,10,3,3,3,3,3
CookieThiago,IronManInfinityWar,100,710650,7,9,19,7,7,7,5,striker,purple,13,,,,,3,3,3,3,3
CookieThiago,Tigra,100,727599,7,10,19,7,7,7,5,striker,purple,13,5,5,5,5,3,3,3,3,3
CookieThiago,Darkhawk,100,719397,7,10,19,7,7,7,5,raider,purple,,,,13,,3,3,3,3,3
CookieThiago,IronheartMCU,100,644120,7,8,19,7,7,7,5,striker,purple,13,,,,10,3,3,3,3,3
CookieThiago,ZombieJuggernaut,105,1532723,7,10,19,7,7,7,5,striker,purple,13,,,,,3,3,3,3,3
CookieThiago,GreenGoblinGlider,105,1087460,7,10,19,8,7,8,6,raider,purple,10,,,13,8,3,3,3,3,3
CookieThiago,KravenTheHunter,105,998296,7,10,19,7,7,7,5,raider,purple,10,,,13,,3,3,3,3,3
CookieThiago,SpiderSlayer,105,936395,7,9,19,7,7,7,5,striker,purple,13,,,,,3,3,3,3,3
CookieThiago,Lizard,105,955244,7,9,19,7,7,7,5,raider,purple,13,5,5,13,5,3,3,3,3,3
CookieThiago,Nightcrawler,105,1153595,7,10,19,7,7,7,5,raider,purple,,,,13,10,3,3,3,3,3
CookieThiago,Forge,105,985137,7,10,19,7,7,7,5,striker,purple,13,,10,10,,3,3,3,3,3
CookieThiago,Sunspot,105,1419738,7,10,19,7,7,7,5,striker,purple,13,5,5,5,5,3,3,3,3,3
CookieThiago,SymbioteSilverSurfer,105,1056454,7,10,19,7,7,7,5,skirmisher,purple,10,,,10,13,3,3,3,3,3
CookieThiago,Gwenom,102,857220,7,10,19,7,7,7,5,striker,purple,13,,,,,3,3,3,3,3
CookieThiago,RedGoblin,102,998574,7,11,19,7,7,7,5,raider,purple,10,,,13,,3,3,3,3,3
CookieThiago,BlackKnight,105,1161287,7,10,19,7,7,7,5,fortifier,purple,10,13,,,,3,3,3,3,3
CookieThiago,StarBrand,100,711259,7,9,19,7,7,7,5,raider,purple,5,5,5,13,5,3,3,3,3,3
CookieThiago,CosmicGhostRider,105,1090403,7,10,19,7,7,7,5,striker,purple,13,,,,,3,3,3,3,3
CookieThiago,IronPatriot,105,1013861,7,10,19,7,7,7,5,skirmisher,purple,10,5,5,5,13,3,3,3,3,3
CookieThiago,TheLeader,105,1098417,7,10,19,7,7,7,5,striker,purple,13,,,,,3,3,3,3,3
CookieThiago,PeterBParker,105,1092017,7,10,19,7,7,7,5,skirmisher,purple,,,9,9,13,3,3,3,3,3
CookieThiago,SpiderManPavitr,105,1042918,7,10,19,7,7,7,5,raider,purple,13,,,13,,3,3,3,3,3
CookieThiago,PeniParker,105,1089161,7,10,19,7,7,7,5,striker,purple,13,,,,,3,3,3,3,3
CookieThiago,PandaPool,105,1011273,7,10,19,7,7,7,5,skirmisher,purple,,,,,13,3,3,3,3,3
CookieThiago,OldManLogan,105,1282766,7,10,20,8,8,8,5,striker,purple,13,5,5,5,13,3,3,3,3,3
CookieThiago,Daken,105,1321811,7,11,20,7,7,7,5,raider,purple,13,13,13,13,13,3,3,3,3,3
CookieThiago,Northstar,105,1027999,7,10,19,7,7,7,5,raider,purple,,,,13,,3,3,3,3,3
CookieThiago,Guardian,100,851509,7,10,19,7,7,7,5,striker,purple,13,,,,,3,3,3,3,3
CookieThiago,Sasquatch,105,976620,7,10,19,7,7,7,5,skirmisher,purple,,,,,13,3,3,3,3,3
CookieThiago,BlackPantherShuri,105,1066591,7,10,19,7,7,7,5,raider,purple,5,5,5,13,13,3,3,3,3,3
CookieThiago,HankPym,105,1107431,7,10,19,7,7,7,5,striker,purple,13,5,5,5,5,3,3,3,3,3
CookieThiago,Mephisto,105,1790731,7,10,20,7,7,7,5,striker,purple,13,,,10,,3,3,3,3,3
CookieThiago,Ares,105,1438398,7,10,19,8,8,7,6,striker,purple,13,,,,,3,3,3,3,3
CookieThiago,Gladiator,105,1550575,7,10,20,7,7,7,5,fortifier,purple,,13,,,,3,3,3,3,3
CookieThiago,Gorr,105,2117640,7,12,20,7,7,7,5,raider,purple,,,,14,,4,4,4,4,4
CookieThiago,ThanosEndgame,105,1585731,7,10,20,7,7,7,5,raider,purple,13,,,13,,3,3,3,3,3
CookieThiago,Sentinel,105,1364143,7,10,19,7,7,7,5,striker,purple,13,,,,,3,3,3,3,3
CookieThiago,Nimrod,105,1562986,7,10,20,7,7,7,5,raider,purple,,,,13,,3,3,3,3,3
CookieThiago,Odin,106,1765202,7,7,20,7,7,7,5,raider,purple,13,13,13,13,,3,3,3,3,3
CookieThiago,OmegaSentinel,105,1560620,7,10,20,7,7,7,5,skirmisher,purple,,,,,13,3,3,3,3,3
CookieThiago,Blade,105,1635051,7,10,20,8,8,8,6,striker,purple,13,,,,,3,3,3,3,3
CookieThiago,ManThing,105,1302504,7,10,19,7,7,7,5,fortifier,purple,,13,,,,3,3,3,3,3
CookieThiago,CaptainBritain,105,961447,7,9,19,8,8,8,6,striker,purple,13,13,,,,3,3,3,3,3
CookieThiago,Oath,105,1929084,7,11,20,7,7,7,5,raider,purple,,,,13,,3,3,3,3,3
CookieThiago,ZombieScarletWitch,105,1219575,7,7,19,7,7,7,5,raider,purple,,,,13,,3,3,3,3,3
CookieThiago,AncientOne,105,1442374,7,10,19,7,8,7,6,raider,purple,,,,13,,3,3,3,3,3
CookieThiago,ShadowKing,105,1640780,7,10,20,8,8,8,6,raider,purple,13,5,5,13,5,3,3,3,3,3
CookieThiago,EmmaFrostXMen,105,1438052,7,10,19,7,8,7,6,striker,purple,13,,,,,3,3,3,3,3
CookieThiago,Kahhori,105,1574593,7,10,19,7,7,7,5,striker,purple,13,,,13,,3,3,3,3,3
CookieThiago,MsMarvelClassic,105,1422560,7,10,19,7,7,7,5,healer,purple,13,13,13,,,3,3,3,3,3
CookieThiago,Medusa,105,1391802,7,10,19,7,7,7,5,raider,purple,,,,13,,3,3,3,3,3
CookieThiago,JeanGrey,105,1603366,7,10,20,7,7,7,5,raider,purple,,13,,13,,3,3,3,3,3
CookieThiago,Hercules,105,1579190,7,10,19,7,7,7,5,striker,purple,13,,,,,3,3,3,3,3
CookieThiago,OmegaRedPhoenix,105,1202741,5,5,20,8,7,7,5,striker,purple,13,,,,,3,3,3,3,3
CookieThiago,PeggyCarter,105,1635548,7,10,20,7,7,7,5,striker,purple,13,13,13,,,3,3,3,3,3
CookieThiago,FalconJoaquin,105,1629315,7,10,20,7,7,7,5,striker,purple,13,13,13,,,3,3,3,3,3
CookieThiago,Patriot,105,1633113,7,10,20,7,7,7,5,raider,purple,,13,13,13,,3,3,3,3,3
CookieThiago,Lilandra,105,1982349,7,11,20,7,7,7,5,raider,purple,13,,,13,,3,3,3,3,3
CookieThiago,HowardTheDuck,105,1672910,7,10,20,7,7,7,5,raider,purple,,,,13,,3,3,3,3,3
CookieThiago,Havok,105,2297527,7,12,20,7,7,7,5,skirmisher,purple,13,,,,13,3,3,3,3,3
CookieThiago,Knull,106,2661553,7,12,20,7,7,7,5,raider,purple,5,5,5,14,5,4,4,4,4,4
CookieThiago,DaredevilModern,105,1660371,7,10,20,7,7,7,5,striker,purple,13,,,,,3,3,3,3,3
CookieThiago,SilverSable,105,1680785,7,10,20,7,7,7,5,striker,purple,13,,,,,3,3,3,3,3
CookieThiago,HitMonkey,105,1703412,7,10,20,7,7,7,5,raider,purple,,,,13,,3,3,3,3,3
CookieThiago,VictoriaHand,105,1722277,7,11,19,7,7,7,5,striker,purple,13,,,,,3,3,3,3,3
CookieThiago,Quasar,106,1557378,7,7,20,7,7,7,5,striker,purple,14,5,5,5,14,4,4,4,4,4
CookieThiago,Songbird,105,2087293,7,11,20,7,7,7,5,fortifier,purple,,13,,13,,3,3,3,3,3
CookieThiago,Hyperion,105,2072814,7,12,19,7,7,7,5,striker,purple,13,,,,,3,3,3,3,3
CookieThiago,Hellverine,105,1482553,7,10,19,7,7,7,5,fortifier,purple,,13,,,,3,3,3,3,3
CookieThiago,TheHood,105,1778712,7,11,19,7,7,7,5,raider,purple,,,,13,,3,3,3,3,3
CookieThiago,Satana,105,1491875,7,10,19,7,7,7,5,striker,purple,13,,,,,3,3,3,3,3
CookieThiago,InvisibleWomanMCU,106,2201213,7,10,20,7,7,7,5,raider,purple,,,,15,,5,5,5,5,5
CookieThiago,MrFantasticMCU,106,1999570,7,10,20,7,7,7,5,fortifier,purple,,15,,,,5,5,5,5,5
CookieThiago,FranklinRichards,106,2114081,7,10,20,7,7,7,5,striker,purple,15,,,,,5,5,5,5,5
CookieThiago,Azazel,105,1486085,7,10,19,7,7,7,5,raider,purple,,,,13,,3,3,3,3,3
CookieThiago,Blastaar,105,1581106,7,7,20,7,7,7,5,skirmisher,purple,14,,,,14,4,4,4,4,4
CookieThiago,RachelSummers,105,1465969,7,10,19,7,7,7,5,raider,purple,,,,13,,3,3,3,3,3
CookieThiago,Xavier,107,1806546,7,6,20,7,7,7,5,raider,purple,,,,14,,4,4,4,4,4
CookieThiago,SebastianShaw,105,1491690,7,10,19,7,7,7,5,striker,purple,13,,,,,3,3,3,3,3
CookieThiago,Scorpion,105,1361412,7,8,20,7,7,7,5,striker,purple,13,,,,,3,3,3,3,3
CookieThiago,Hobgoblin,105,1644952,7,10,20,7,7,7,5,raider,purple,,,,13,,3,3,3,3,3
CookieThiago,PhantomRider,105,941312,5,5,19,8,7,7,6,raider,purple,,,,13,,3,3,3,3,3
CookieThiago,SuperiorSpiderMan,105,1580024,7,9,20,7,7,7,5,striker,purple,13,,,,,3,3,3,3,3
CookieThiago,LivingMummy,105,1508270,7,10,19,7,7,7,5,striker,purple,13,,,,,3,3,3,3,3
CookieThiago,DaimonHellstrom,105,1789619,7,10,19,7,7,7,5,raider,purple,,,,14,,4,4,5,4,4
CookieThiago,Hellcat,105,1708167,7,10,20,7,7,7,5,striker,purple,13,,,,,3,3,3,3,3
CookieThiago,ZombieKestrel,105,693670,3,1,19,7,7,7,5,raider,purple,,,,13,,3,3,3,3,3
CookieThiago,LadyBullseye,105,1992225,7,11,20,7,7,7,5,raider,purple,,,,13,,3,3,3,3,3
CookieThiago,Thunderstrike,105,1381610,7,7,19,7,7,7,5,raider,purple,,,,13,,3,3,3,3,3
CookieThiago,SwordMaster,105,1018894,5,5,20,7,7,7,5,striker,purple,13,,,,,3,3,3,3,3
CookieThiago,SteelSerpent,105,1101611,6,6,20,7,7,7,5,striker,purple,13,,,,,3,3,3,3,3
CookieThiago,Wolfsbane,105,940879,5,5,19,7,7,7,5,striker,purple,13,,,,,3,3,3,3,3
CookieThiago,Sentry,105,1470765,7,7,19,7,7,7,5,striker,purple,14,,,,,4,4,4,4,4
CookieThiago,Warlock,105,808619,4,4,19,7,7,7,5,raider,purple,,,,13,,3,3,3,3,3
CookieThiago,Cannonball,105,859301,4,4,19,7,7,7,5,striker,purple,13,,,,,3,3,3,3,3
CookieThiago,Darkstar,105,1266680,5,5,20,7,7,7,5,raider,purple,,,,13,,3,3,3,3,3
CookieThiago,MagnetoPhoenixForce,100,614758,2,,19,7,7,7,5,striker,purple,13,,,,,3,3,3,3,3
CookieThiago,UrsaMajor,105,1073305,5,5,19,7,7,7,5,raider,purple,,,,13,,3,3,3,3,3
CookieThiago,JeffTheLandShark,110,1605344,5,5,20,7,7,7,5,raider,purple,,,,14,,4,4,4,4,4
CookieThiago,MoonGirl,100,605827,3,3,19,6,6,6,4,striker,purple,14,,,,,4,4,4,4,4
CookieThiago,Eclipse,100,841278,4,4,19,7,7,7,5,raider,purple,,,,14,,4,4,4,4,4
CookieThiago,NovaSamAlexander,100,755857,4,4,19,7,7,7,5,raider,purple,,,,13,,3,3,3,3,3
CookieThiago,NightThrasher,105,774098,5,,19,6,6,6,4,raider,purple,,,,13,,3,3,3,3,3
CookieThiago,Speedball,100,731352,5,4,19,6,6,6,4,striker,purple,14,,,,,4,4,4,4,4
Boudhaa,ShieldSupport_Heal,70,105386,7,10,13,6,6,,4,healer,,,,3,,,3,3,3,3,3
Boudhaa,SpiderMan,85,199556,7,7,16,6,7,6,5,raider,blue,5,5,5,8,5,3,3,3,3,3
Boudhaa,LukeCage,75,133373,7,9,14,6,6,6,4,healer,blue,,,6,,,1,1,1,1,1
Boudhaa,Punisher,105,1609005,7,10,20,7,7,7,5,striker,purple,13,6,6,6,6,3,3,3,3,3
Boudhaa,Crossbones,70,91946,7,7,13,7,6,6,5,fortifier,,,1,,,,1,1,1,1,1
Boudhaa,ShieldDmg_Defense,65,66954,7,7,12,6,6,,4,,,,,,,,,,,,
Boudhaa,HandSupport_Heal,50,34437,7,7,9,5,5,,3,,,,,,,,,,,,
Boudhaa,MercDmg_General,45,29806,7,7,8,5,4,,3,raider,,,,,3,,3,3,3,3,3
Boudhaa,HydraDmg_AoE,60,53724,7,7,10,6,6,,4,,,,,,,,,,,,
Boudhaa,Bullseye,60,74689,7,9,11,6,6,6,4,,,,,,,,,,,,
Boudhaa,Elektra,100,1009057,7,9,19,7,7,7,5,skirmisher,purple,6,6,6,6,13,3,3,3,3,3
Boudhaa,Daredevil,70,139376,7,7,13,7,7,7,5,raider,,,,,1,,1,1,1,1,1
Boudhaa,JessicaJones,70,136327,7,8,13,7,7,6,4,striker,,1,,,,,1,1,1,1,1
Boudhaa,Wolverine,105,1889426,7,10,20,7,7,7,5,striker,purple,13,13,13,13,13,3,3,3,3,3
Boudhaa,HydraDmg_Buff,60,53294,7,7,10,6,6,,4,,,,,,,,,,,,
Boudhaa,MercTank_Debuff,70,82798,7,7,13,6,6,,4,fortifier,,,3,,,,3,3,3,3,3
Boudhaa,MercDmg_Single,60,47635,7,7,9,6,6,,4,,,,,,,,,,,,
Boudhaa,RavagerDmg_AoE,70,84384,7,7,13,6,6,,4,striker,,3,,,,,3,3,3,3,3
Boudhaa,Drax,75,128677,7,9,14,6,6,6,4,fortifier,,,4,,,,5,5,4,4,5
Boudhaa,HydraSupport_Heal,60,57905,7,7,11,6,6,,4,,,,,,,,,,,,
Boudhaa,Nebula,65,106383,7,10,12,6,6,6,4,skirmisher,,,,,,4,5,5,4,5,5
Boudhaa,NightNurse,80,152754,7,7,15,6,7,7,5,healer,blue,,,5,,,,,,,
Boudhaa,Thanos,90,423937,7,7,17,7,7,7,5,raider,blue,2,2,5,8,,3,3,3,3,3
Boudhaa,Hulk,95,353586,7,7,17,6,7,7,5,striker,blue,10,,1,,,5,5,5,5,5
Boudhaa,KreeTank_Counter,60,61444,7,7,11,6,6,,4,fortifier,,,1,,,,1,1,1,1,1
Boudhaa,Gamora,85,239324,7,9,15,7,7,7,5,striker,blue,8,,,,,3,3,3,3,3
Boudhaa,HandTank_Stealth,65,67774,7,7,12,6,6,,4,,,,,,,,,,,,
Boudhaa,RavagerSupport_Heal,45,26843,7,7,8,5,4,,3,,,,,,,,,,,,
Boudhaa,Ronan,60,76226,7,9,11,6,6,6,4,healer,,,,1,,,1,1,1,1,1
Boudhaa,HydraTank_Taunt,65,67132,7,7,12,6,6,,4,,,,,,,,,,,,
Boudhaa,Hawkeye,70,94514,7,8,13,6,6,6,4,skirmisher,,,,,,1,1,1,1,1,1
Boudhaa,MercSupport_Buffs,71,82915,7,7,13,6,6,,4,healer,,,,3,,,3,3,3,3,3
Boudhaa,Deadpool,105,1633655,7,10,20,6,6,6,4,raider,purple,13,13,13,13,13,3,3,3,3,3
Boudhaa,KreeDmg_Offense,60,47540,7,7,9,6,6,,4,,,,,,,,,,,,
Boudhaa,KreeSupport_HoT,60,48388,7,7,9,6,6,,4,,,,,,,,,,,,
Boudhaa,AimTank_Taunt,60,53496,7,7,10,6,6,,4,,,,,,,,,,,,
Boudhaa,ShieldDmg_AoE,70,77266,7,7,13,6,6,,4,,,,,,,,,,,,
Boudhaa,Yondu,65,80535,7,7,12,7,6,6,5,,,,,,,,5,4,4,5,4
Boudhaa,Quake,65,92769,7,7,12,6,6,6,4,,,,,,,,,,,,
Boudhaa,RavagerTank_Taunt,5,923,7,7,2,1,1,,,,,,,,,,,,,,
Boudhaa,ShieldSupport_Stealth,60,49944,7,7,9,6,6,,4,,,,,,,,,,,,
Boudhaa,CaptainAmerica,95,480291,7,10,18,6,7,6,5,fortifier,purple,5,10,10,5,5,,,,,
Boudhaa,AimControl_Infect,45,25921,7,7,8,5,4,,3,,,,,,,,,,,,
Boudhaa,Korath,60,69183,7,8,11,6,6,6,4,,,,,,,,,,,,
Boudhaa,HydraDmg_Single,70,82287,7,7,13,6,6,,4,striker,,3,,,,,3,3,3,3,3
Boudhaa,HandControl_HealBlock,60,52975,7,7,10,6,6,,4,,,,,,,,,,,,
Boudhaa,BaronMordo,70,105990,7,7,13,6,6,6,4,,,,,,,,,,,,
Boudhaa,HandDmg_Bonus,45,26294,7,7,8,5,4,,3,,,,,,,,,,,,
Boudhaa,IronFist,75,196405,7,7,14,7,7,7,5,healer,blue,,,6,,,1,1,1,1,1
Boudhaa,HandDmg_Unbuff,50,34993,7,7,9,5,5,,3,,,,,,,,,,,,
Boudhaa,AntMan,75,150766,7,7,14,6,6,6,4,,,,,,,,,,,,
Boudhaa,Kingpin,70,95627,7,7,13,6,6,6,4,fortifier,,,3,,,,5,5,3,5,5
Boudhaa,AimDmg_Speed,50,34955,7,7,9,5,5,,3,,,,,,,,,,,,
Boudhaa,AimDmg_Offense,60,57192,7,7,11,6,6,,4,,,,,,,,,,,,
Boudhaa,Wasp,85,320509,7,9,16,6,6,6,4,raider,blue,,,,10,,5,5,5,5,5
Boudhaa,Thor,75,147860,7,7,14,7,7,7,5,raider,blue,3,,,8,,3,3,3,3,3
Boudhaa,WinterSoldier,90,261052,7,8,16,6,7,7,5,striker,blue,8,,,,,3,3,3,3,3
Boudhaa,Vision,80,351663,7,11,15,6,6,7,5,skirmisher,blue,,,,,8,3,3,3,3,3
Boudhaa,Nobu,70,86016,7,7,13,6,6,6,4,,,,,,,,,,,,
Boudhaa,ScarletWitch,95,427502,7,7,17,6,6,6,4,skirmisher,blue,,,,,10,5,5,5,5,5
Boudhaa,RocketRaccoon,100,1035911,7,10,19,7,7,7,5,raider,purple,,,,10,,,,,,
Boudhaa,MsMarvel,105,1431742,7,9,20,7,6,6,5,skirmisher,purple,,,,,13,3,3,3,3,3
Boudhaa,KreeDmg_Speed,60,52844,7,7,10,6,6,,4,,,,,,,,,,,,
Boudhaa,ShieldTank_Stun,70,80324,7,7,13,6,6,,4,,,,,,,,,,,,
Boudhaa,Storm,100,990179,7,9,19,7,7,7,5,raider,purple,,,,13,,3,3,3,3,3
Boudhaa,BlackWidow,80,243741,7,9,15,6,6,6,4,skirmisher,,1,,,,3,3,3,3,4,4
Boudhaa,Cable,70,108746,7,7,13,6,6,6,4,striker,,1,,,,,1,1,3,1,1
Boudhaa,IronMan,90,255192,7,7,17,6,7,6,5,striker,blue,8,,,,,3,3,3,3,3
Boudhaa,Venom,95,494454,7,9,18,7,7,7,5,striker,purple,13,,,,,3,3,3,3,3
Boudhaa,AimSupport_Heal,45,25872,7,7,8,5,4,,3,,,,,,,,,,,,
Boudhaa,Loki,90,267993,7,8,16,6,7,7,5,skirmisher,blue,,,1,1,9,4,4,4,4,4
Boudhaa,KreeControl_Assist,60,47983,7,7,9,6,6,,4,,,,,,,,,,,,
Boudhaa,DoctorStrange,103,1099214,7,9,19,7,7,8,6,healer,purple,13,13,13,13,13,3,3,3,3,3
Boudhaa,Groot,100,919820,7,9,19,7,7,7,5,healer,blue,,1,10,,,5,5,5,5,5
Boudhaa,Juggernaut,70,94928,7,7,13,6,6,6,4,,,,,,,,,,,,
Boudhaa,Pyro,75,115049,7,8,14,6,6,6,5,raider,,,,,1,,1,1,1,1,1
Boudhaa,BlackPanther,80,171990,7,7,15,7,6,6,5,striker,blue,8,,,,,3,3,3,3,3
Boudhaa,ScientistSupreme,100,1004461,7,9,19,7,7,7,5,healer,purple,6,6,13,6,6,3,3,3,3,3
Boudhaa,UltSpiderMan,100,993058,7,8,19,6,6,6,4,striker,purple,13,,,,,3,3,3,3,3
Boudhaa,StarLord,80,331703,7,11,15,6,6,6,5,skirmisher,,,,,,2,2,2,2,2,2
Boudhaa,UltGreenGoblin,70,98191,7,7,13,6,6,6,4,raider,,,,,5,,5,5,5,5,5
Boudhaa,Sabretooth,76,156928,7,8,14,7,7,7,5,raider,blue,,,,5,,,,,,
Boudhaa,WarMachine,70,144241,7,9,13,6,6,6,4,raider,,,,,1,,1,1,1,1,1
Boudhaa,Mystique,75,126905,7,7,14,7,7,7,5,raider,,,,,1,,1,1,1,1,1
Boudhaa,Minerva,80,159243,7,7,15,7,7,7,5,healer,blue,,,5,,,1,,,,1
Boudhaa,NickFury,90,299557,7,10,17,6,6,7,5,raider,blue,,,5,8,,3,3,3,3,3
Boudhaa,Mantis,50,49697,7,10,9,5,5,5,3,,,,,,,,,,,,
Boudhaa,CaptainMarvel,75,120286,7,7,14,6,6,6,5,striker,,1,,1,,,1,1,1,1,1
Boudhaa,Killmonger,65,104661,7,10,12,6,6,6,4,raider,,2,,,3,,3,3,3,3,3
Boudhaa,MBaku,65,91408,7,9,12,6,6,6,4,fortifier,,,1,,,,1,1,1,1,1
Boudhaa,Okoye,75,134261,7,7,14,6,6,6,5,skirmisher,blue,,,,,8,3,3,3,3,3
Boudhaa,Falcon,100,924583,7,9,19,6,7,7,5,raider,purple,,,,13,,3,3,3,3,3
Boudhaa,Carnage,95,495348,7,9,18,7,7,7,5,skirmisher,purple,,,,,13,3,3,3,3,3
Boudhaa,Rescue,95,392778,7,7,18,6,7,7,5,healer,blue,,,10,,,5,5,5,5,5
Boudhaa,Psylocke,90,289896,7,8,17,6,7,7,5,striker,blue,10,,1,,,5,5,5,5,5
Boudhaa,Colossus,75,135275,7,8,14,6,6,7,5,fortifier,,,1,,,,1,1,1,1,1
Boudhaa,AmericaChavez,70,101126,7,7,13,6,6,6,4,striker,,5,,,,,5,5,5,5,5
Boudhaa,Rhino,70,93668,7,7,13,6,6,6,4,fortifier,,,1,,,,1,1,1,1,1
Boudhaa,Ultron,85,177663,7,5,16,7,7,7,5,striker,blue,6,,,,,1,1,1,1,1
Boudhaa,Mysterio,80,147723,7,8,15,6,6,6,4,skirmisher,,,,,,1,1,1,1,1,1
Boudhaa,Vulture,100,1071440,7,9,19,7,7,7,5,raider,purple,,,,13,,3,3,3,3,3
Boudhaa,Thing,70,146586,7,10,13,6,6,6,4,,,,,,,,,,,,
Boudhaa,Magneto,95,359826,7,8,17,6,7,6,5,striker,blue,10,,,1,,5,5,5,5,5
Boudhaa,Shocker,100,947826,7,9,19,6,7,6,5,striker,purple,13,,,,,3,3,3,3,3
Boudhaa,Shuri,80,169039,7,7,15,6,6,7,5,healer,blue,,,8,,,3,3,3,3,3
Boudhaa,Namor,100,659605,7,10,18,7,7,7,5,raider,blue,,1,,10,,5,5,5,5,5
Boudhaa,Phoenix,80,282529,7,8,15,7,7,7,5,striker,blue,6,,,,,2,2,1,1,2
Boudhaa,MrFantastic,90,273878,7,8,17,6,6,6,4,skirmisher,blue,,1,,,10,5,5,5,5,5
Boudhaa,Graviton,55,48799,7,7,10,6,5,5,4,,,,,,,,,,,,
Boudhaa,GhostRider,75,119710,7,7,14,6,6,6,4,raider,,,,,3,,3,3,3,3,3
Boudhaa,Ultimus,100,875415,7,10,19,6,7,7,5,striker,purple,11,,,,,1,1,1,1,1
Boudhaa,ElsaBloodstone,95,657367,7,9,18,6,6,6,4,raider,purple,,,,13,,3,3,3,3,3
Boudhaa,Coulson,70,129135,7,10,13,6,6,7,5,raider,,,,,1,,1,1,1,1,1
Boudhaa,Hela,95,637777,7,8,18,7,7,7,5,raider,blue,,,,10,,5,5,5,5,5
Boudhaa,HumanTorch,100,885913,7,8,19,6,6,6,4,striker,purple,13,13,13,13,13,3,3,3,3,3
Boudhaa,Stryfe,80,164696,7,7,15,7,7,7,5,healer,blue,,,6,,,1,2,1,1,1
Boudhaa,MrSinister,80,194464,7,9,15,7,7,7,5,healer,blue,,,6,,,1,1,1,1,1
Boudhaa,InvisibleWoman,80,267081,7,7,15,7,7,7,5,healer,blue,,,8,,,3,3,3,3,3
Boudhaa,Sif,75,127808,7,7,14,6,6,6,4,skirmisher,blue,,1,,3,8,3,3,3,3,3
Boudhaa,Heimdall,75,102211,7,7,13,6,6,6,5,raider,,,,1,1,,1,1,1,1,1
Boudhaa,YoYo,65,113131,7,7,12,7,6,6,4,skirmisher,,,,,,1,1,1,1,1,1
Boudhaa,Crystal,70,82463,7,7,12,6,6,6,4,raider,,,,,1,,1,1,1,1,1
Boudhaa,Karnak,70,80981,7,7,12,6,6,6,4,,,,,,,,,,,,
Boudhaa,Cyclops,95,457656,7,8,18,7,7,7,5,raider,purple,1,,,13,,3,3,3,3,3
Boudhaa,Toad,71,94427,7,9,12,6,6,6,4,,,,,,,,,,,,
Boudhaa,SymbioteSpiderMan,81,201151,7,9,15,7,7,7,5,raider,blue,,,,6,,2,2,2,1,2
Boudhaa,Blob,70,85158,7,8,12,6,6,6,4,,,,,,,,,,,,
Boudhaa,RedSkull,65,88385,7,9,12,6,6,6,5,,,,,,,,,,,,
Boudhaa,ProximaMidnight,80,179532,7,7,15,7,7,7,5,raider,blue,,,,8,,3,3,3,3,3
Boudhaa,CorvusGlaive,80,178221,7,7,15,7,7,7,5,striker,blue,8,,1,1,,3,3,3,3,3
Boudhaa,BlackBolt,100,684174,7,9,19,7,7,7,5,striker,blue,10,,,,,5,5,5,5,5
Boudhaa,Taskmaster,100,966402,7,9,19,6,6,7,5,skirmisher,purple,13,13,13,13,13,3,3,3,3,3
Boudhaa,EbonyMaw,85,222874,7,7,16,7,7,7,5,healer,blue,,,8,,,3,3,3,3,3
Boudhaa,CullObsidian,85,253869,7,9,16,7,7,7,5,striker,blue,8,4,,,,3,3,3,3,3
Boudhaa,Domino,70,121996,7,7,13,6,6,6,4,raider,,,,,1,,1,1,1,1,1
Boudhaa,Ironheart,85,332582,7,9,16,6,6,6,4,raider,blue,,,,10,,5,5,5,5,5
Boudhaa,Negasonic,70,117146,7,7,13,6,6,6,4,raider,,,,,1,,1,3,3,1,3
Boudhaa,X23,70,106909,7,8,13,6,6,6,5,raider,,,,,1,,1,1,1,1,1
Boudhaa,SquirrelGirl,100,1111717,7,10,19,6,6,6,4,healer,purple,,,13,,,3,3,3,3,3
Boudhaa,EmmaFrost,100,977341,7,9,19,7,7,7,5,healer,purple,5,5,13,5,5,3,3,3,3,3
Boudhaa,Beast,100,940907,7,9,19,7,7,7,5,healer,purple,,,13,,,3,3,3,3,3
Boudhaa,Swarm,75,163571,7,8,14,6,6,6,4,striker,,1,,,,,1,1,1,1,1
Boudhaa,Zemo,80,144281,7,7,15,7,7,7,5,raider,,,,,1,,1,1,1,1,1
Boudhaa,Electro,75,135004,7,9,14,6,6,6,4,raider,,,,,1,,1,1,1,1,1
Boudhaa,DoctorOctopus,100,670937,7,9,19,7,7,7,5,healer,purple,,,10,,,,,,,
Boudhaa,Scream,80,160610,7,7,15,7,7,7,5,raider,blue,3,,,5,,,,,,
Boudhaa,AntiVenom,80,164527,7,7,15,7,7,7,5,striker,blue,5,,,,,,,,,
Boudhaa,SheHulk,100,1082980,7,9,19,6,7,7,5,skirmisher,purple,10,,,,13,3,3,3,3,3
Boudhaa,Stature,60,63862,7,7,11,6,6,6,4,,,,,,,,,,,,
Boudhaa,Yellowjacket,75,160043,7,7,14,6,6,6,4,striker,,4,,,,,5,5,4,4,4
Boudhaa,Shatterstar,70,106499,7,8,13,6,6,6,4,raider,,,,,4,,5,4,4,4,5
Boudhaa,Longshot,70,98090,7,7,13,6,6,6,4,raider,,,,,5,,5,5,5,5,5
Boudhaa,Yelena,65,117556,7,7,12,6,6,6,4,skirmisher,,,,,,2,2,2,2,2,2
Boudhaa,RedGuardian,105,1454758,7,8,19,7,7,7,5,healer,purple,,,13,,5,3,3,3,3,3
Boudhaa,Ghost,100,969263,7,9,19,7,7,7,5,striker,purple,13,13,13,13,13,3,3,3,3,3
Boudhaa,KittyPryde,90,238644,7,8,15,7,6,6,5,skirmisher,blue,,,5,,9,4,4,4,4,4
Boudhaa,Iceman,90,245097,7,9,15,6,6,7,5,raider,blue,,,,9,4,4,4,4,4,4
Boudhaa,WhiteTiger,70,90037,7,7,13,6,6,6,5,striker,,1,,,,,1,1,1,1,1
Boudhaa,Bishop,90,231782,7,7,15,7,7,7,5,striker,blue,9,,,,,4,4,4,4,4
Boudhaa,MoonKnight,100,908485,7,9,19,7,7,7,5,raider,purple,,,,13,,3,3,3,3,3
Boudhaa,SilverSurfer,100,856629,7,8,19,7,7,7,5,striker,purple,11,,,,,1,1,1,1,1
Boudhaa,MultipleMan,71,99984,7,7,13,6,6,6,4,healer,,,,5,,,5,5,5,5,5
Boudhaa,Doom,90,223640,7,4,17,7,7,7,5,striker,blue,8,,,,,3,3,3,3,3
Boudhaa,Sybil,100,667165,7,9,19,7,7,7,5,striker,blue,10,,,,,5,5,5,5,5
Boudhaa,Polaris,70,128656,7,7,13,6,6,6,4,raider,,,,,4,,4,4,4,4,4
Boudhaa,PhylaVell,85,209198,7,8,16,6,6,6,4,striker,blue,8,,,,,3,3,3,3,3
Boudhaa,Jubilee,90,473628,7,8,17,7,7,7,5,skirmisher,blue,6,,,,9,4,4,4,4,4
Boudhaa,ColleenWing,75,134697,7,7,14,7,6,7,5,striker,blue,6,,,,,1,1,1,1,1
Boudhaa,AdamWarlock,81,322943,7,8,15,7,7,7,5,striker,blue,8,,,,,3,3,3,3,3
Boudhaa,MistyKnight,75,114289,7,7,14,6,6,6,5,skirmisher,,,,,,3,4,4,4,3,5
Boudhaa,Sersi,90,318687,7,8,17,7,7,7,5,skirmisher,blue,,,,,10,5,5,5,5,5
Boudhaa,SharonCarter,90,233206,7,7,16,7,6,6,4,striker,blue,9,,,,,4,4,4,4,4
Boudhaa,SamWilson,90,334905,7,7,16,6,7,6,4,skirmisher,blue,,,,,9,4,4,4,4,4
Boudhaa,MadelynePryor,100,960888,7,9,19,7,7,7,5,striker,purple,13,,,,,3,3,3,3,3
Boudhaa,Moondragon,105,1275664,7,9,19,7,7,8,6,healer,purple,,,13,,,3,3,3,3,3
Boudhaa,Deathpool,90,365652,7,10,17,6,7,6,5,striker,blue,10,,,,,5,5,5,5,5
Boudhaa,ShangChi,90,241886,7,7,16,7,7,7,5,raider,blue,,,,8,,3,3,3,3,3
Boudhaa,Ikaris,90,289202,7,8,17,7,7,7,5,striker,blue,8,,,,,3,3,3,3,3
Boudhaa,MariaHill,90,283911,7,9,16,7,7,7,5,healer,blue,,,8,,,3,3,3,3,3
Boudhaa,Cloak,105,876255,7,9,19,7,7,7,5,skirmisher,purple,,,,,13,3,3,3,3,3
Boudhaa,NicoMinoru,70,94360,7,7,13,6,6,6,4,,,,,,,,,,,,
Boudhaa,SpiderWoman,1,675,7,7,1,1,1,,,,,,,,,,,,,,
Boudhaa,Fantomex,95,378578,7,9,17,6,7,7,5,raider,blue,,,,10,,5,5,5,5,5
Boudhaa,SilverSamurai,60,87236,7,9,11,6,6,6,4,skirmisher,,,,,,5,5,5,5,5,5
Boudhaa,Gambit,100,726994,7,9,19,7,7,7,5,raider,purple,,,,13,,3,3,3,3,3
Boudhaa,StrangeSupreme,100,1178258,7,9,19,7,7,7,5,raider,purple,,,,13,,3,3,3,3,3
Boudhaa,GhostSpider,100,719784,7,9,19,7,7,7,5,raider,purple,,,,13,,3,3,3,3,3
Boudhaa,Dazzler,95,413485,7,10,17,6,7,7,5,raider,blue,,,,10,,5,5,5,5,5
Boudhaa,LadyDeathstrike,101,1158046,7,10,19,7,7,7,5,striker,purple,13,6,6,6,6,3,3,3,3,3
Boudhaa,ScarletSpider,90,227751,7,7,16,6,6,6,5,raider,blue,,,,8,,3,3,3,3,3
Boudhaa,SpiderPunk,85,193548,7,7,16,6,6,6,5,raider,blue,,,,8,,3,3,3,3,3
Boudhaa,Sunfire,100,613441,7,9,18,6,7,7,5,striker,purple,13,6,6,6,6,3,3,3,3,3
Boudhaa,Magik,1,685,7,7,1,1,1,,,,,,,,,,,,,,
Boudhaa,JaneThor,70,104268,7,8,13,6,6,6,4,raider,,,,,2,,2,3,4,2,4
Boudhaa,KateBishop,1,672,7,7,1,1,1,,,,,,,,,,,,,,
Boudhaa,Rogue,95,385540,7,5,18,8,7,7,6,striker,blue,10,,,,,5,5,5,5,5
Boudhaa,Valkyrie,71,103122,7,7,13,6,6,6,5,striker,,4,,,2,,5,4,4,4,5
Boudhaa,Deathlok,80,177360,7,7,15,6,7,7,4,raider,blue,,,,8,,3,3,3,3,3
Boudhaa,Wong,95,349447,7,7,17,7,6,7,5,striker,blue,10,,,,4,5,5,5,5,5
Boudhaa,DoctorVoodoo,1,673,7,7,1,1,1,,,,,,,,,,,,,,
Boudhaa,Morbius,1,737,7,8,1,1,1,,,,,,,,,,,,,,
Boudhaa,MorganLeFay,95,395807,7,5,18,7,8,7,6,striker,blue,10,,,8,,5,5,5,5,5
Boudhaa,Dagger,105,845037,7,8,19,7,7,7,5,striker,purple,13,,,,,3,3,3,3,3
Boudhaa,VivVision,85,205910,7,7,16,6,6,7,5,striker,blue,8,,,,,3,3,3,3,3
Boudhaa,TChalla,7,1049,7,8,2,1,1,,,,,,,,,,,,,,
Boudhaa,OmegaRed,105,1748391,7,8,20,7,7,7,5,striker,purple,13,,,,,3,3,3,3,3
Boudhaa,AmadeusCho,100,1169326,7,9,19,7,7,7,5,skirmisher,purple,,,,,13,3,3,3,3,3
Boudhaa,SpiderWeaver,90,330668,7,8,17,7,7,7,5,striker,blue,10,,,,,5,5,5,5,5
Boudhaa,Hulkbuster,80,176844,7,7,15,6,6,7,5,striker,blue,8,,,,,3,3,3,3,3
Boudhaa,RedHulk,95,408535,7,6,18,7,8,7,6,raider,blue,,,,10,,5,5,5,5,5
Boudhaa,SpiderManNoir,100,702594,7,9,19,7,7,7,5,raider,purple,,,,13,,3,3,3,3,3
Boudhaa,SpiderMan2099,55,51428,7,7,10,6,5,5,4,,,,,,,,,,,,
Boudhaa,ZombieIronMan,95,522774,7,5,18,7,7,7,5,striker,blue,10,,,,,5,5,5,5,5
Boudhaa,Echo,1,799,7,9,1,1,1,,,,,,,,,,,,,,
Boudhaa,AgathaHarkness,100,1025844,7,10,19,7,7,7,5,skirmisher,purple,,,,,13,3,3,3,3,3
Boudhaa,BlackPantherBC,75,174172,7,9,14,6,7,7,5,striker,blue,8,,,,,3,3,3,3,3
Boudhaa,Nakia,75,159249,7,9,14,6,6,6,5,striker,blue,8,,,,,3,3,3,3,3
Boudhaa,Abomination,95,397501,7,8,17,6,7,7,5,raider,blue,,,,10,,5,5,5,5,5
Boudhaa,Archangel,95,373947,7,5,18,7,7,8,6,striker,blue,10,,,,,5,5,5,5,5
Boudhaa,MrNegative,70,102663,7,8,13,6,6,6,4,,,,,,,,,,,,
Boudhaa,Nemesis,95,352033,7,7,17,6,7,7,5,striker,blue,10,,,,,5,5,5,5,5
Boudhaa,DarkBeast,95,350012,7,7,17,7,7,7,5,skirmisher,blue,,,,,10,5,5,5,5,5
Boudhaa,Dormammu,103,607851,7,4,19,7,7,7,5,striker,blue,10,,,,,5,5,5,5,5
Boudhaa,CaptainCarter,95,417094,7,8,18,7,6,6,5,healer,purple,5,5,10,5,5,,,,,
Boudhaa,USAgent,90,226498,7,7,16,6,7,6,5,skirmisher,blue,,,,,8,3,3,3,3,3
Boudhaa,AbsorbingMan,85,174428,7,7,16,6,6,6,4,raider,blue,,,,5,,,,,,
Boudhaa,AgentVenom,90,237806,7,7,16,6,7,7,5,raider,blue,,,,8,,3,3,3,3,3
Boudhaa,Titania,80,133680,7,7,15,6,6,6,4,,,,,,,,,,,,
Boudhaa,CaptainAmericaWW2,90,250341,7,8,16,6,7,7,5,skirmisher,blue,,,,,8,3,3,3,3,3
Boudhaa,UnionJack,90,224665,7,7,16,6,6,7,5,raider,blue,,,,8,,3,3,3,3,3
Boudhaa,BuckyBarnes,90,264052,7,8,17,6,6,7,5,striker,blue,8,,,,,3,3,3,3,3
Boudhaa,Quicksilver,80,111145,7,1,15,6,6,6,4,striker,blue,8,,,,,3,3,3,3,3
Boudhaa,Gwenpool,100,1116074,7,9,19,6,6,6,4,raider,purple,,,,13,,3,3,3,3,3
Boudhaa,Firestar,65,89883,7,7,12,6,6,6,4,raider,,,,,5,,5,5,5,5,5
Boudhaa,Moonstone,75,128782,7,9,14,6,6,6,4,,,,,,,,,,,,
Boudhaa,IronFistOrson,90,358889,7,8,17,6,6,7,5,healer,blue,,,8,,,3,3,3,3,3
Boudhaa,Cosmo,68,107398,7,9,12,6,6,6,4,healer,,,,5,,,5,5,5,5,5
Boudhaa,Vahl,100,741612,7,9,19,7,7,7,5,striker,blue,10,,,,,5,5,5,5,5
Boudhaa,Korg,70,101491,7,7,13,6,6,6,4,skirmisher,,,,,,5,5,5,5,5,5
Boudhaa,Thor_InfinityWar,70,103062,7,7,13,6,6,6,4,striker,,5,,,,,5,5,5,5,5
Boudhaa,StarLord_Annihilation,60,97643,7,10,11,6,6,6,4,raider,,,,,5,,5,5,5,5,5
Boudhaa,LokiTeen,90,309288,7,8,17,7,7,7,5,striker,blue,9,,8,,,4,4,4,4,4
Boudhaa,Apocalypse,105,1177511,7,10,19,8,8,8,6,striker,purple,13,,,,,3,3,3,3,3
Boudhaa,KangTheConqueror,100,693922,7,9,19,7,7,7,5,raider,blue,,,,10,,5,5,5,5,5
Boudhaa,Sylvie,90,456260,7,7,17,6,7,7,5,striker,purple,10,,,,10,,,,,
Boudhaa,SpiderManBigTime,75,148638,7,4,14,6,6,7,5,,,,,,,,,,3,,2
Boudhaa,KamalaKhan,1,674,7,7,1,1,1,,,,,,,,,,,,,,
Boudhaa,GhostRiderRobbie,1,675,7,7,1,1,1,,,,,,,,,,,,,,
Boudhaa,Nova,95,273212,4,4,18,8,8,7,6,striker,blue,8,,,,,3,3,3,3,3
Boudhaa,BetaRayBill,95,366239,7,8,17,6,7,7,5,raider,blue,,,,9,,4,4,4,4,4
Boudhaa,IronManInfinityWar,90,301196,7,8,17,6,7,7,5,striker,blue,9,,,,,4,4,4,4,4
Boudhaa,ZombieJuggernaut,95,432402,6,4,18,6,7,6,5,striker,blue,10,,,,,5,5,5,5,5
Boudhaa,KravenTheHunter,60,82189,7,9,11,6,6,6,4,,,,,,,,,,,,
Boudhaa,IronheartMCU,90,266413,7,7,17,6,7,7,5,skirmisher,blue,,,,,9,4,4,4,4,4
Boudhaa,Nightcrawler,95,555805,7,9,18,7,7,7,5,raider,purple,,,,13,,3,3,3,3,3
Boudhaa,Lizard,85,277035,7,7,16,7,7,7,5,striker,purple,13,5,5,5,5,3,3,3,3,3
Boudhaa,Darkhawk,90,285599,7,8,17,6,7,7,5,raider,blue,,,,9,,4,4,4,4,4
Boudhaa,SpiderSlayer,80,196730,7,8,15,6,6,6,4,striker,blue,10,,,,,5,5,5,5,5
Boudhaa,GreenGoblinGlider,100,455167,5,5,19,6,7,8,6,raider,blue,,,,10,,5,5,5,5,5
Boudhaa,Tigra,70,102823,7,7,13,6,6,6,4,striker,,5,5,5,5,5,5,5,5,5,5
Boudhaa,Mockingbird,70,112668,7,8,13,6,6,6,4,striker,,5,5,5,5,5,5,5,5,5,5
Boudhaa,Sunspot,95,675990,7,8,18,7,7,7,5,striker,purple,13,5,5,5,5,3,3,3,3,3
Boudhaa,CosmicGhostRider,95,382191,7,7,18,6,6,6,4,striker,purple,10,,,,,,,,,
Boudhaa,Photon,1,1026,7,8,1,1,1,,,striker,,5,,,,,5,5,5,5,5
Boudhaa,PeterBParker,100,781695,7,9,19,7,7,7,5,healer,purple,,,13,,,3,3,3,3,3
Boudhaa,SpiderManPavitr,100,740684,7,9,19,7,7,7,5,striker,purple,13,,,,,3,3,3,3,3
Boudhaa,Gwenom,95,428929,7,9,18,6,6,6,5,striker,blue,10,,,,,5,5,5,5,5
Boudhaa,SymbioteSilverSurfer,100,716318,7,9,19,7,7,7,5,raider,purple,,,,11,,1,1,1,1,1
Boudhaa,TheLeader,80,211261,7,8,15,6,6,6,4,striker,blue,10,5,5,5,5,5,5,5,5,5
Boudhaa,Forge,95,468954,7,8,18,7,7,7,5,striker,purple,13,,,,,3,3,3,3,3
Boudhaa,Ronin,70,105423,7,7,13,6,6,6,4,striker,,5,5,5,5,5,5,5,5,5,5
Boudhaa,RedGoblin,95,505999,7,9,18,7,7,7,5,raider,purple,,,,13,,3,3,3,3,3
Boudhaa,PeniParker,100,773196,7,9,19,7,7,7,5,striker,purple,13,,,,,3,3,3,3,3
Boudhaa,StarBrand,95,401418,7,8,18,6,6,6,5,raider,blue,5,5,5,10,5,5,5,5,5,5
Boudhaa,IronPatriot,80,214126,7,9,15,6,6,6,4,striker,blue,10,5,5,5,5,5,5,5,5,5
Boudhaa,PandaPool,95,419363,7,9,18,6,6,6,4,skirmisher,blue,,,,,10,5,5,5,5,5
Boudhaa,BlackKnight,100,512847,7,4,19,7,7,7,5,fortifier,purple,,10,,,,,,,,
Boudhaa,Daken,95,429272,7,9,18,6,6,6,4,raider,blue,5,5,5,10,5,5,5,5,5,5
Boudhaa,Northstar,100,725793,7,10,18,7,7,7,5,raider,purple,6,6,6,13,6,3,3,3,3,3
Boudhaa,Guardian,100,683129,7,8,18,7,7,7,5,striker,purple,13,6,6,6,6,3,3,3,3,3
Boudhaa,Sasquatch,100,689353,7,9,19,7,7,7,5,skirmisher,purple,6,6,6,6,13,3,3,3,3,3
Boudhaa,BlackPantherShuri,95,414932,7,8,18,6,6,6,4,raider,blue,5,5,5,10,5,5,5,5,5,5
Boudhaa,BlackCat,100,472122,7,4,19,6,6,6,6,striker,blue,10,,,,,5,5,5,5,5
Boudhaa,HankPym,95,476179,7,10,18,6,6,6,4,striker,blue,10,5,5,5,5,5,5,5,5,5
Boudhaa,OldManLogan,105,686965,4,4,20,8,8,8,5,striker,purple,13,5,5,5,5,3,3,3,3,3
Boudhaa,SuperSkrull,105,1185733,7,10,19,7,7,7,5,striker,purple,13,,,,,3,3,3,3,3
Boudhaa,Ares,100,628817,6,6,18,8,7,7,6,striker,purple,10,,,,,,,,,
Boudhaa,Gladiator,100,989675,7,10,19,7,7,7,5,fortifier,blue,5,10,5,5,5,5,5,5,5,5
Boudhaa,Gorr,85,304379,7,8,16,6,6,6,4,raider,blue,,,,10,,5,5,5,5,5
Boudhaa,Sentinel,100,981261,7,9,19,7,7,7,5,striker,purple,13,6,6,6,6,3,3,3,3,3
Boudhaa,ThanosEndgame,80,277152,7,9,15,6,6,6,4,striker,blue,10,5,5,5,5,5,5,5,5,5
Boudhaa,Oath,105,1635407,7,10,20,7,7,7,5,raider,purple,,,,13,,3,3,3,3,3
Boudhaa,Nimrod,100,1087119,7,10,19,7,7,7,5,raider,purple,6,6,6,13,6,3,3,3,3,3
Boudhaa,OmegaSentinel,100,1007772,7,9,19,7,7,7,5,skirmisher,purple,6,6,6,6,13,3,3,3,3,3
Boudhaa,Blade,105,1486782,7,9,19,8,8,8,6,striker,purple,13,,,,,3,3,3,3,3
Boudhaa,ZombieScarletWitch,60,49475,3,,11,6,6,6,4,raider,,,,,5,,5,5,5,5,5
Boudhaa,AncientOne,105,1338092,7,9,19,7,8,7,6,raider,purple,,,,13,,3,3,3,3,3
Boudhaa,ManThing,100,935627,7,9,19,7,7,7,5,fortifier,purple,,13,,,,3,3,3,3,3
Boudhaa,ShadowKing,105,770531,4,4,19,8,8,7,5,striker,purple,13,5,5,5,5,3,3,3,3,3
Boudhaa,CaptainBritain,100,472086,6,5,19,8,8,8,6,striker,blue,10,,,,,5,5,5,5,5
Boudhaa,Kahhori,85,352983,7,9,16,6,6,6,4,striker,purple,11,,,,,1,1,1,1,1
Boudhaa,MsMarvelClassic,1,685,7,7,1,1,1,,,,,,,,,,,,,,
Boudhaa,JeanGrey,100,1033281,7,9,19,7,7,7,5,raider,purple,,,,13,,3,3,3,3,3
Boudhaa,EmmaFrostXMen,105,1438052,7,10,19,7,8,7,6,striker,purple,13,,,,,3,3,3,3,3
Boudhaa,Hercules,100,1130815,7,9,19,7,7,7,5,striker,purple,13,,,,,3,3,3,3,3
Boudhaa,PeggyCarter,1,686,7,7,1,1,1,,,,,,,,,,,,,,
Boudhaa,Lilandra,100,1305774,7,11,19,7,7,7,5,raider,purple,,,,11,,1,1,1,1,1
Boudhaa,Medusa,1,685,7,7,1,1,1,,,,,,,,,,,,,,
Boudhaa,FalconJoaquin,1,686,7,7,1,1,1,,,,,,,,,,,,,,
Boudhaa,Patriot,1,686,7,7,1,1,1,,,,,,,,,,,,,,
Boudhaa,Mephisto,105,1384773,7,6,20,7,7,7,5,striker,purple,13,,,,,3,3,3,3,3
Boudhaa,HowardTheDuck,100,1076124,7,9,19,7,7,7,5,raider,purple,,,,13,,3,3,3,3,3
Boudhaa,Havok,100,1104468,7,9,19,7,7,7,5,striker,purple,13,,,,,3,3,3,3,3
Boudhaa,DaredevilModern,105,1407694,7,8,19,7,7,7,5,striker,purple,13,6,6,6,6,3,3,3,3,3
Boudhaa,Knull,105,848755,4,4,19,7,7,7,5,raider,purple,,,,13,,3,3,3,3,3
Boudhaa,SilverSable,105,1587794,7,9,20,7,7,7,5,raider,purple,6,6,6,13,6,3,3,3,3,3
Boudhaa,HitMonkey,100,1030695,7,8,19,7,7,7,5,raider,purple,6,6,6,13,6,3,3,3,3,3
Boudhaa,FranklinRichards,100,1112235,7,10,19,6,6,6,4,striker,purple,13,13,13,13,13,3,3,3,3,3
Boudhaa,MrFantasticMCU,100,975154,7,9,19,6,6,6,4,fortifier,purple,13,13,13,13,13,3,3,3,3,3
Boudhaa,SebastianShaw,100,1077666,7,9,19,7,7,7,5,striker,purple,13,,,,,3,3,3,3,3
Boudhaa,InvisibleWomanMCU,100,1068440,7,9,19,6,6,6,4,raider,purple,13,13,13,13,13,3,3,3,3,3
Boudhaa,Azazel,100,1013222,7,8,19,7,7,7,5,raider,purple,,,,13,,3,3,3,3,3
Boudhaa,Hellverine,1,818,7,9,1,1,1,,,,,,,,,,,,,,
Boudhaa,TheHood,1,688,7,7,1,1,1,,,,,,,,,,,,,,
Boudhaa,Hyperion,100,976328,7,9,19,6,6,6,4,striker,purple,13,13,13,13,13,3,3,3,3,3
Boudhaa,RachelSummers,100,997154,7,8,19,7,7,7,5,raider,purple,,,,13,,3,3,3,3,3
Boudhaa,Satana,1,585,6,6,1,1,1,,,,,,,,,,,,,,
Boudhaa,Songbird,100,1036206,7,9,19,6,6,6,4,raider,purple,13,13,13,13,13,3,3,3,3,3
Boudhaa,VictoriaHand,100,999815,7,10,19,6,6,6,4,striker,purple,13,13,13,13,13,3,3,3,3,3
Boudhaa,Warlock,100,824660,6,6,19,7,7,7,5,raider,purple,,,,13,,3,3,3,3,3
Boudhaa,Scorpion,100,751393,6,6,19,7,7,7,5,striker,purple,13,,,,,3,3,3,3,3
Boudhaa,Blastaar,90,353608,6,4,17,7,6,6,5,striker,purple,13,5,5,5,5,3,3,3,3,3
Boudhaa,Hobgoblin,100,1058640,7,9,19,7,7,7,5,raider,purple,,,,13,,3,3,3,3,3
Boudhaa,LadyBullseye,1,331,6,2,1,1,1,,,,,,,,,,,,,,
Boudhaa,Hellcat,95,404807,4,4,18,6,6,6,4,striker,purple,13,,,,,3,3,3,3,3
Boudhaa,SuperiorSpiderMan,100,739682,6,6,19,6,6,6,5,striker,purple,13,,,,,3,3,3,3,3
Boudhaa,Wolfsbane,1,393,4,4,1,1,1,,,,,,,,,,,,,,
Boudhaa,DaimonHellstrom,95,413119,4,4,18,6,6,6,4,raider,purple,,,,13,,3,3,3,3,3
Boudhaa,LivingMummy,95,454236,5,5,18,6,6,6,4,striker,purple,13,,,,,3,3,3,3,3
Boudhaa,Quasar,55,44521,4,2,10,6,5,5,4,striker,,5,5,5,5,5,5,5,5,5,5
Boudhaa,Thunderstrike,1,300,5,2,1,1,1,,,,,,,,,,,,,,
Boudhaa,Odin,105,1451934,7,5,19,7,7,7,5,raider,purple,,,,13,,3,3,3,3,3
Boudhaa,Cannonball,1,393,4,4,1,1,1,,,,,,,,,,,,,,
Boudhaa,OmegaRedPhoenix,1,236,3,2,1,1,1,,,,,,,,,,,,,,
Boudhaa,Darkstar,1,300,3,3,1,1,1,,,,,,,,,,,,,,
Boudhaa,MagnetoPhoenixForce,1,85,2,,1,1,1,,,,,,,,,,,,,,
Boudhaa,Eclipse,1,333,4,3,1,1,1,,,,,,,,,,,,,,
Boudhaa,SteelSerpent,1,295,3,3,1,1,1,,,,,,,,,,,,,,
Boudhaa,SwordMaster,1,296,3,3,1,1,1,,,,,,,,,,,,,,
Boudhaa,UrsaMajor,1,299,3,3,1,1,1,,,,,,,,,,,,,,